forward,theta,analytic_delta,recovered_delta,delta_absolute_error,analytic_gamma,recovered_gamma,gamma_absolute_error
-0.025,-0.463647609001,0.0001681103853,0.000168110420872,3.55718090888e-11,0.0460078667103,0.0460077779779,8.87323815951e-08
-0.0243888888889,-0.453822110103,0.000198534834855,0.000198534874991,4.01352756097e-11,0.0537476955377,0.0537476279855,6.7552155425e-08
-0.0237777777778,-0.443901522286,0.000234042701958,0.000234042747598,4.5639513219e-11,0.0626696380461,0.0626698043563,1.66310192548e-07
-0.0231666666667,-0.43388643947,0.000275404190507,0.000275404241815,5.1308483612e-11,0.072933005449,0.0729331049906,9.95415847665e-08
-0.0225555555556,-0.423777542754,0.000323492272187,0.000323492330405,5.82177848681e-11,0.0847150595846,0.0847151515046,9.19200062038e-08
-0.0219444444444,-0.413575602736,0.000379294104977,0.000379294170274,6.52974124424e-11,0.0982124888491,0.0982123326114,1.56237726215e-07
-0.0213333333333,-0.403281481719,0.000443923366329,0.000443923439889,7.3559984872e-11,0.113642923905,0.113642972094,4.81885179537e-08
-0.0207222222222,-0.392896135786,0.000518633521705,0.000518633604257,8.25516983331e-11,0.131246480867,0.131246426205,5.46620250175e-08
-0.0201111111111,-0.382420616734,0.000604832040887,0.000604832133155,9.22675046176e-11,0.151287317291,0.151287241099,7.61921547798e-08
-0.0195,-0.371856073849,0.000704095564781,0.000704095667969,1.03187752939e-10,0.174055183817,0.174055240804,5.69864835043e-08
-0.0188888888889,-0.361203755494,0.000818186014149,0.000818186129368,1.15219179141e-10,0.199866951661,0.199867019713,6.80514961049e-08
-0.0182777777778,-0.350465010523,0.00094906761877,0.00094906774739,1.28620128762e-10,0.229068093502,0.229068034474,5.90275593126e-08
-0.0176666666667,-0.339641289475,0.00109892483101,0.00109892497422,1.43208457462e-10,0.26203409255,0.262034071261,2.12888036644e-08
-0.0170555555556,-0.328734145552,0.00127018107151,0.00127018123102,1.59509748725e-10,0.299171751859,0.29917163459,1.17269267463e-07
-0.0164444444444,-0.317745235361,0.00146551823673,0.00146551841358,1.76854754366e-10,0.340920373262,0.340920291398,8.18637505562e-08
-0.0158333333333,-0.306676319402,0.00168789687884,0.00168789707516,1.96322785069e-10,0.387752772736,0.387752840735,6.7999424147e-08
-0.0152222222222,-0.295529262292,0.00194057694704,0.00194057716428,2.17241868808e-10,0.440176096624,0.440176024423,7.2201286283e-08
-0.0146111111111,-0.284306032716,0.0022271389573,0.00222713919735,2.40052616673e-10,0.498732400947,0.498732500884,9.99371184141e-08
-0.014,-0.273008703087,0.0025515054337,0.0025515056988,2.65099003079e-10,0.563998954239,0.563999020234,6.59952307247e-08
-0.0133888888889,-0.261639448898,0.00291796243993,0.00291796273208,2.92147752171e-10,0.636588222847,0.636588230294,7.44745143333e-09
-0.0127777777778,-0.250200547778,0.00333118099411,0.00333118131581,3.21697336304e-10,0.7171474967,0.717147636723,1.40022359707e-07
-0.0121666666667,-0.238694378219,0.00379623813423,0.00379623848748,3.53245497957e-10,0.806358113082,0.806358038283,7.47990337446e-08
-0.0115555555556,-0.227123417987,0.00431863737565,0.00431863776363,3.87971960981e-10,0.904934236178,0.904934275241,3.90628218661e-08
-0.0109444444444,-0.215490242193,0.00490432827646,0.00490432870169,4.25235869954e-10,1.01362115108,1.01362123898,8.79027455269e-08
-0.0103333333333,-0.203797521042,0.00555972480176,0.00555972526713,4.65368849359e-10,1.13319303263,1.13319291319,1.194338064e-07
-0.00972222222222,-0.192048017241,0.00629172215454,0.00629172266335,5.08818158614e-10,1.26445015201,1.26445010738,4.46262300446e-08
-0.00911111111111,-0.180244583073,0.00710771171894,0.00710771227425,5.55306077163e-10,1.40821548756,1.40821552875,4.11861802441e-08
-0.0085,-0.168390157148,0.00801559374282,0.00801559434833,6.0550748443e-10,1.56533071057,1.5653308564,1.45830048925e-07
-0.00788888888889,-0.156487760812,0.00902378736995,0.00902378802886,6.58917460525e-10,1.73665152235,1.73665158488,6.25324643178e-08
-0.00727777777778,-0.144540494256,0.0101412376198,0.0101412383365,7.16617291549e-10,1.92304232521,1.92304237309,4.78838748652e-08
-0.00666666666667,-0.132551532297,0.0113774189048,0.0113774196828,7.77996597701e-10,2.12537021753,2.12537038619,1.68660809763e-07
-0.00605555555556,-0.120524119868,0.0127423346699,0.0127423355133,8.43396852357e-10,2.34449831142,2.34449836557,5.41507918506e-08
-0.00544444444444,-0.108461567225,0.0142465127445,0.0142465136576,9.13030781188e-10,2.5812783808,2.58127850634,1.25539561857e-07
-0.00483333333333,-0.0963672448751,0.0159009960005,0.0159009969878,9.87372482386e-10,2.83654285823,2.83654290167,4.34392792847e-08
-0.00422222222222,-0.0842445782594,0.0177173279272,0.0177173289933,1.06606855288e-09,3.11109620948,3.11109616439,4.50943371533e-08
-0.00361111111111,-0.0720970421972,0.0197075327566,0.0197075339061,1.14952474276e-09,3.40570572687,3.40570575667,2.97998674625e-08
-0.003,-0.0599281551212,0.0218840897966,0.0218840910343,1.23773391189e-09,3.72109179434,3.72109179949,5.14500220206e-09
-0.00238888888889,-0.047741473122,0.0242599016704,0.0242599030012,1.33081786216e-09,4.05791769011,4.0579178105,1.20392641634e-07
-0.00177777777778,-0.0355405838284,0.0268482562032,0.0268482576324,1.42920770357e-09,4.41677900517,4.41677897048,3.46941968488e-08
-0.00116666666667,-0.0233291001482,0.029662781747,0.0296627832795,1.53249585591e-09,4.79819276895,4.7981928178,4.88470330851e-08
-0.000555555555556,-0.0111106538976,0.0327173957972,0.0327173974382,1.64095134703e-09,5.20258638549,5.2025864205,3.50097639767e-08
5.55555555556e-05,0.00111111065386,0.0360262468191,0.0360262485739,1.75478014064e-09,5.63028649576,5.63028654699,5.12234299421e-08
0.000666666666667,0.0133325432941,0.0396036492768,0.0396036511504,1.87362551862e-09,6.08150789262,6.08150803182,1.39202636085e-07
0.00127777777778,0.0255499944058,0.0434640119395,0.0434640139372,1.99766014841e-09,6.55634262496,6.55634263073,5.7771130102e-09
0.00188888888889,0.0377598215005,0.0476217596234,0.0476217617502,2.12679349132e-09,7.05474943653,7.05474955113,1.14604751467e-07
0.0025,0.0499583957219,0.0520912486202,0.0520912508811,2.26090038358e-09,7.57654369178,7.5765438945,2.02720356057e-07
0.00311111111111,0.0621421082875,0.0568866761583,0.0568866785588,2.40045594513e-09,8.12138794655,8.12138799279,4.62432048209e-08
0.00372222222222,0.0743073768408,0.0620219843401,0.0620219868845,2.5444010579e-09,8.68878332458,8.68878334723,2.26439613726e-08
0.00433333333333,0.0864506516874,0.0675107590958,0.0675107617887,2.69293197463e-09,9.27806186177,9.27806193539,7.36220009401e-08
0.00494444444444,0.0985684218866,0.0733661247962,0.0733661276422,2.84601549272e-09,9.88837997831,9.88838015314,1.74834271505e-07
0.00555555555556,0.110657221174,0.0796006352604,0.0796006382633,3.00293326316e-09,10.518713235,10.518713281,4.60889051368e-08
0.00616666666667,0.12271363369,0.0862261619897,0.0862261651534,3.1637190645e-09,11.1678525223,11.1678526984,1.76106206951e-07
0.00677777777778,0.134734299494,0.093253780546,0.0932537838736,3.32768518296e-09,11.8344018222,11.8344019304,1.08185632897e-07
0.00738888888889,0.146715919837,0.100693656075,0.10069365957,3.4947390537e-09,12.5167776686,12.5167778729,2.04315414365e-07
0.008,0.158655262186,0.10855492905,0.108554932715,3.66420899178e-09,13.2132104173,13.2132106691,2.51775624349e-07
0.00861111111111,0.170549164966,0.116845602365,0.116845606201,3.8356704618e-09,13.9217474198,13.921747642,2.22257845905e-07
0.00922222222222,0.182394542017,0.125572430969,0.125572434978,4.00842220527e-09,14.6402581711,14.6402583444,1.73237216572e-07
0.00983333333333,0.194188386754,0.134740815268,0.13474081945,4.18195189589e-09,15.3664414834,15.3664413986,8.4802474376e-08
0.0104444444444,0.205927776007,0.144354699526,0.144354703882,4.35547339861e-09,16.0978347062,16.0978348991,1.92931377541e-07
0.0110555555556,0.217609873547,0.154416476539,0.154416481067,4.52846271592e-09,16.8318249946,16.8318250898,9.52129468601e-08
0.0116666666667,0.229231933277,0.164926899799,0.164926904499,4.70007888165e-09,17.5656625906,17.5656627065,1.1591533422e-07
0.0122777777778,0.2407913021,0.175885004391,0.17588500926,4.86963150359e-09,18.2964760614,18.2964761851,1.23724991141e-07
0.0128888888889,0.252285422444,0.187288037764,0.1872880428,5.03580649402e-09,19.021289402,19.021289575,1.72991814651e-07
0.0135,0.263711834462,0.199131401504,0.199131406702,5.19848830649e-09,19.7370408863,19.7370408921,5.74433300926e-09
0.0141111111111,0.275068177891,0.211408605117,0.211408610473,5.35602476259e-09,20.4406035169,20.4406036175,1.00586657226e-07
0.0147222222222,0.286352193588,0.224111232761,0.224111238269,5.50819737044e-09,21.1288068989,21.1288069623,6.33364116709e-08
0.0153333333333,0.297561724738,0.237228923721,0.237228929374,5.65373775574e-09,21.7984603368,21.7984604782,1.41361763184e-07
0.0159444444444,0.308694717751,0.250749367324,0.250749373116,5.7919868901e-09,22.4463769276,22.4463768936,3.39779333558e-08
0.0165555555556,0.319749222846,0.264658312817,0.264658318738,5.92154031365e-09,23.0693984042,23.0693985054,1.0119142857e-07
0.0171666666667,0.33072339434,0.278939594582,0.278939600625,6.04212263555e-09,23.6644204637,23.6644204429,2.07595221013e-08
0.0177777777778,0.341615490648,0.293575172921,0.293575179074,6.1526420625e-09,24.2284183003,24.2284183616,6.12851351889e-08
0.0183888888889,0.352423874008,0.308545190419,0.308545196671,6.25206436622e-09,24.7584720529,24.7584721565,1.03505652049e-07
0.019,0.363147009946,0.323828043765,0.323828050105,6.33978070042e-09,25.2517918694,25.2517918813,1.19298775303e-08
0.0196111111111,0.373783466491,0.339400470693,0.339400477108,6.41502512222e-09,25.7057422881,25.7057423945,1.06388817755e-07
0.0202222222222,0.384331913156,0.355237651541,0.355237658018,6.47698761291e-09,26.1178656406,26.1178656834,4.27840980421e-08
0.0208333333333,0.3947911197,0.371313324738,0.371313331263,6.52548409752e-09,26.4859041838,26.4859043069,1.23105586169e-07
0.0214444444444,0.405159954688,0.387599915353,0.387599921912,6.55944060179e-09,26.8078206846,26.8078205775,1.07082147593e-07
0.0220555555556,0.415437383863,0.404068675688,0.404068682267,6.57868604037e-09,27.0818171935,27.0818170908,1.02700500548e-07
0.0226666666667,0.42562246834,0.420689836727,0.42068984331,6.58318810576e-09,27.306351766,27.3063516809,8.50624779503e-08
0.0232777777778,0.435714362647,0.437432769118,0.43743277569,6.57232085421e-09,27.4801529144,27.4801529162,1.80789072601e-09
0.0238888888889,0.445712312629,0.454266152248,0.454266158794,6.54589232818e-09,27.6022315993,27.6022316043,5.05017183627e-09
0.0245,0.455615653211,0.47115814985,0.471158156354,6.50412340653e-09,27.6718906043,27.6718904603,1.440105315e-07
0.0251111111111,0.465423806067,0.488076590508,0.488076596956,6.44719716503e-09,27.6887311682,27.6887309409,2.27301082845e-07
0.0257222222222,0.475136277176,0.504989151357,0.504989157733,6.3752062518e-09,27.6526567871,27.6526568169,2.97914901637e-08
0.0263333333333,0.484752654305,0.52186354322,0.521863549508,6.28844565309e-09,27.5638741354,27.5638740858,4.95779772791e-08
0.0269444444444,0.494272604416,0.538667695429,0.538667701616,6.18748319248e-09,27.4228910937,27.4228909473,1.46366875953e-07
0.0275555555556,0.503695871021,0.555369938565,0.555369944638,6.07352856896e-09,27.2305119096,27.2305119827,7.30609599486e-08
0.0281666666667,0.51302227149,0.571939183373,0.57193918932,5.94651072827e-09,26.9878295565,26.9878295328,2.37100010736e-08
0.0287777777778,0.522251694325,0.588345094182,0.58834509999,5.80790571192e-09,26.6962153905,26.6962151876,2.02889278711e-07
0.0293888888889,0.531384096412,0.604558255209,0.604558260868,5.65852698031e-09,26.3573062446,26.3573060989,1.45681326558e-07
0.03,0.540419500271,0.620550328239,0.620550333738,5.49921463922e-09,25.9729891282,25.9729889305,1.97699804971e-07
0.0306111111111,0.549357991286,0.636294200267,0.636294205599,5.33126154334e-09,25.5453837327,25.5453835856,1.47034842968e-07
0.0312222222222,0.558199714965,0.651764119847,0.651764125003,5.15587372796e-09,25.0768229701,25.0768228198,1.50351244343e-07
0.0318333333333,0.566944874195,0.666935820996,0.666935825971,4.97549612621e-09,24.5698317948,24.5698313483,4.46483767291e-07
0.0324444444444,0.575593726533,0.681786633709,0.681786638499,4.79022421729e-09,24.0271045757,24.0271044577,1.18042819963e-07
0.0330555555556,0.584146581528,0.696295580274,0.696295584877,4.60234239608e-09,23.4514813046,23.4514812527,5.19507317165e-08
0.0336666666667,0.592603798071,0.710443456762,0.710443461176,4.41374214954e-09,22.8459229308,22.8459227559,1.7491007398e-07
0.0342777777778,0.600965781794,0.724212899254,0.724212903479,4.22494217389e-09,22.2134861232,22.2134858287,2.94565246861e-07
0.0348888888889,0.609232982518,0.737588434551,0.73758843859,4.03853206432e-09,21.5572977578,21.5572977201,3.77605999802e-08
0.0355,0.617405891752,0.750556515277,0.750556519133,3.85610265941e-09,20.8805294256,20.8805292166,2.09090316616e-07
0.0361111111111,0.625485040239,0.76310553949,0.763105543168,3.67749952712e-09,20.1863722493,20.1863724147,1.65421639053e-07
0.0367222222222,0.633470995581,0.775225855062,0.775225858569,3.50734763455e-09,19.4780122827,19.4780121462,1.36494467284e-07
0.0373333333333,0.641364359908,0.786909749275,0.78690975262,3.3446460046e-09,18.7586067523,18.7586064051,3.47155921787e-07
0.0379444444444,0.649165767622,0.798151424214,0.798151427405,3.19174497942e-09,18.0312613806,18.0312611383,2.4234092777e-07
0.0385555555556,0.656875883204,0.808946958686,0.808946961736,3.04988034827e-09,17.2990090081,17.299008934,7.40497760887e-08
0.0391666666667,0.664495399095,0.81929425753,0.819294260451,2.92091828502e-09,16.5647897053,16.5647893359,3.69375289466e-07
0.0397777777778,0.672025033638,0.829192989259,0.829192992064,2.80558087873e-09,15.8314325429,15.8314325839,4.10818259411e-08
0.0403888888889,0.6794655291,0.838644513113,0.838644515818,2.70512579004e-09,15.1016391539,15.1016393298,1.75888656528e-07
0.041,0.686817649759,0.847651796642,0.847651799262,2.62051347288e-09,14.377969199,14.377969291,9.20199560994e-08
0.0416111111111,0.694082180063,0.856219325001,0.856219327554,2.55223320256e-09,13.6628278113,13.6628276835,1.27845027009e-07
0.0422222222222,0.701259922866,0.864353003204,0.864353005705,2.50092691001e-09,12.9584550712,12.9584549638,1.07460486731e-07
0.0428333333333,0.708351697725,0.872060052557,0.872060055025,2.4682949018e-09,12.2669175313,12.2669173881,1.4312783847e-07
0.0434444444444,0.715358339275,0.879348902546,0.879348905,2.45379971897e-09,11.5901017834,11.5901020479,2.64464299349e-07
0.0440555555556,0.722280695674,0.886229079414,0.886229081872,2.45748743577e-09,10.929710036,10.9297100296,6.41886543917e-09
0.0446666666667,0.729119627109,0.892711092622,0.892711095102,2.48006248871e-09,10.2872576418,10.2872572993,3.42578946544e-07
0.0452777777778,0.735876004379,0.898806320386,0.898806322908,2.52176157733e-09,9.66407249792,9.66407248091,1.70158376278e-08
0.0458888888889,0.742550707538,0.904526895394,0.904526897976,2.58238497253e-09,9.06129621632,9.0612963932,1.76873653501e-07
0.0465,0.749144624606,0.909885591741,0.909885594402,2.66056354725e-09,8.47988694983,8.4798868988,5.1028942849e-08
0.0471111111111,0.755658650339,0.914895714078,0.914895716836,2.75774691971e-09,7.92062374046,7.92062380649,6.60287815535e-08
0.0477222222222,0.762093685068,0.919570989831,0.919570992703,2.87195256465e-09,7.3841122478,7.38411246566,2.17862050178e-07
0.0483333333333,0.768450633591,0.923925465317,0.923925468321,3.00392488661e-09,6.87079170536,6.87079193997,2.346076311e-07
0.0489444444444,0.774730404131,0.927973406442,0.927973409594,3.15173043219e-09,6.38094294693,6.38094300755,6.06195609265e-08
0.0495555555556,0.78093390734,0.931729204585,0.9317292079,3.31517080454e-09,5.91469734177,5.91469728683,5.49374643555e-08
0.0501666666667,0.787062055373,0.935207288187,0.93520729168,3.49312956338e-09,5.47204647697,5.47204669728,2.20311277666e-07
0.0507777777778,0.793115760997,0.938422040437,0.938422044123,3.68603081391e-09,5.0528524267,5.05285283335,4.06657404639e-07
0.0513888888889,0.79909593677,0.941387723382,0.941387727273,3.89170740078e-09,4.65685845238,4.65685846949,1.71082819023e-08
0.052,0.805003494255,0.944118408657,0.944118412767,4.10943645779e-09,4.28369998374,4.28369996437,1.93745499644e-08
0.0526111111111,0.810839343287,0.946627914988,0.946627919326,4.33771951691e-09,3.93291573832,3.93291597649,2.38165580591e-07
0.0532222222222,0.81660439129,0.94892975249,0.948929757066,4.57622439942e-09,3.60395884634,3.60395901633,1.69992969923e-07
0.0538333333333,0.82229954263,0.951037073733,0.951037078555,4.82270479107e-09,3.29620785836,3.29620795885,1.00488444676e-07
0.0544444444444,0.827925698017,0.952962631478,0.952962636557,5.07831365848e-09,3.00897752453,3.00897768026,1.55728909323e-07
0.0550555555556,0.833483753944,0.954718742901,0.954718748241,5.34045452305e-09,2.7415292462,2.74152925415,7.95451393643e-09
0.0556666666667,0.838974602165,0.956317260075,0.956317265683,5.60850665909e-09,2.49308111359,2.49308125716,1.43570034083e-07
0.0562777777778,0.844399129211,0.957769546452,0.957769552333,5.88071180641e-09,2.2628174555,2.26281776763,3.12125743918e-07
0.0568888888889,0.84975821594,0.95908645901,0.959086465168,6.15788686709e-09,2.04989784015,2.04989799471,1.54563807087e-07
0.0575,0.855052737126,0.960278335718,0.960278342155,6.43715813986e-09,1.85346547836,1.8534658581,3.79734834688e-07
0.0581111111111,0.860283561071,0.961354987949,0.961354994669,6.72007804958e-09,1.6726549928,1.67265554223,5.49436490527e-07
0.0587222222222,0.865451549256,0.962325697438,0.962325704442,7.00382840613e-09,1.50659952785,1.50659969827,1.70424737655e-07
0.0593333333333,0.870557556017,0.96319921738,0.963199224668,7.28839100184e-09,1.35443718608,1.35443707131,1.14766348869e-07
0.0599444444444,0.87560242825,0.96398377725,0.963983784824,7.57351759084e-09,1.21531678676,1.21531673756,4.91949998516e-08
0.0605555555556,0.88058700514,0.964687090948,0.964687098806,7.85780851498e-09,1.08840295108,1.0884032028,2.51716542055e-07
0.0611666666667,0.885512117922,0.965316367833,0.965316375974,8.14076950295e-09,0.97288052684,0.972880787241,2.604012036e-07
0.0617777777778,0.890378589657,0.965878326276,0.965878334699,8.42251612898e-09,0.867958372303,0.867958518278,1.45974821453e-07
0.0623888888889,0.895187235034,0.966379209333,0.966379218036,8.7026189588e-09,0.772872525124,0.77287260538,8.02563553393e-08
0.063,0.899938860194,0.966824802169,0.966824811148,8.97964691493e-09,0.686888787198,0.686888830471,4.32732925049e-08
0.0636111111111,0.904634262577,0.967220450899,0.967220460153,9.25484033854e-09,0.609304760415,0.609305341054,5.80638508496e-07
0.0642222222222,0.909274230778,0.967571082513,0.967571092039,9.52687617684e-09,0.539451371405,0.539451885577,5.14171677235e-07
0.0648333333333,0.913859544433,0.967881225584,0.967881235382,9.7972989721e-09,0.476693925604,0.476693863296,6.23079268181e-08
0.0654444444444,0.918390974112,0.968155031493,0.968155041556,1.00631796229e-08,0.420432732387,0.420432763574,3.11864186697e-08
0.0660555555556,0.922869281236,0.968396295905,0.968396306231,1.03265854756e-08,0.370103343669,0.370103535959,1.92289723144e-07
0.0666666666667,0.927295218002,0.968608480296,0.968608490883,1.05869180089e-08,0.325176448305,0.325176542301,9.39957844337e-08
0.0672777777778,0.931669527323,0.968794733314,0.968794744158,1.08441112756e-08,0.285157464044,0.285157370925,9.31192999931e-08
0.0678888888889,0.935992942788,0.968957911809,0.968957922907,1.10980266088e-08,0.249585867573,0.249585932415,6.4841878783e-08
0.0685,0.940266188628,0.969100601385,0.969100612734,1.13488930475e-08,0.218034301624,0.218034650674,3.49050477799e-07
0.0691111111111,0.944489979689,0.969225136345,0.969225147942,1.1596826277e-08,0.190107496126,0.190107645294,1.4916720803e-07
0.0697222222222,0.94866502143,0.969333618936,0.969333630777,1.18415528494e-08,0.16544103816,0.165441213446,1.75286311771e-07
0.0703333333333,0.952792009918,0.969427937792,0.969427949876,1.20839306339e-08,0.14370002296,0.143700067196,4.42352011409e-08
0.0709444444444,0.956871631837,0.969509785537,0.969509797861,1.23244235928e-08,0.124577615648,0.124577601967,1.36806453666e-08
0.0715555555556,0.960904564506,0.969580675481,0.969580688042,1.25611474555e-08,0.10779355062,0.107793743217,1.92597213636e-07
0.0721666666667,0.964891475908,0.969641957387,0.969641970184,1.27967011432e-08,0.0930925928163,0.0930926687006,7.58842228638e-08
0.0727777777778,0.968833024719,0.969694832294,0.969694845324,1.30302275636e-08,0.0802429823544,0.0802429278255,5.45289584319e-08
0.0733888888889,0.972729860349,0.969740366386,0.969740379647,1.32609487835e-08,0.0690348813368,0.0690350340993,1.5276246601e-07
0.074,0.976582622994,0.969779503922,0.969779517413,1.34914157623e-08,0.0592788390909,0.0592788622022,2.31112598989e-08
0.0746111111111,0.980391943683,0.969813079227,0.969813092948,1.37201835448e-08,0.0508042896207,0.0508045476105,2.57989798538e-07
0.0752222222222,0.984158444338,0.969841827794,0.969841841742,1.39478407712e-08,0.0434580927493,0.0434582989566,2.06207330315e-07
0.0758333333333,0.987882737839,0.969866396492,0.969866410666,1.4174285301e-08,0.0371031282772,0.0371032824247,1.54147541828e-07
0.0764444444444,0.991565428092,0.969887352946,0.969887367346,1.44001364166e-08,0.0316169504987,0.0316169392571,1.12416153261e-08
0.0770555555556,0.995207110099,0.96990519411,0.969905208734,1.46244180099e-08,0.0268905086206,0.0268905630713,5.44506641789e-08
0.0776666666667,0.998808370037,0.969920354078,0.969920368927,1.48492885765e-08,0.0228269370052,0.0228270807823,1.43777065531e-07
0.0782777777778,1.00236978534,0.96993321118,0.969933226254,1.50744078331e-08,0.0193404177223,0.0193404639348,4.62125252058e-08
0.0788888888889,1.00589192476,0.969944094405,0.969944109702,1.52971655343e-08,0.0163551166342,0.0163551186386,2.00441893639e-09
0.0795,1.00937534851,0.969953289196,0.969953304719,1.55225783338e-08,0.0138041931479,0.0138042693675,7.62195718016e-08
0.0801111111111,1.01282060828,0.969961042661,0.969961058407,1.5746058124e-08,0.0116288828404,0.0116289673923,8.45519123223e-08
0.0807222222222,1.01622824737,0.969967568248,0.969967584219,1.59714206305e-08,0.00977765138857,0.00977767772089,2.63323172156e-08
0.0813333333333,1.01959880078,0.969973049918,0.969973066114,1.61957696143e-08,0.00820541760402,0.00820554833997,1.30735947729e-07
0.0819444444444,1.02293279529,0.969977645876,0.969977662298,1.64221930499e-08,0.00687284286624,0.00687282963198,1.32342601496e-08
0.0825555555556,1.02623074959,0.969981491873,0.969981508521,1.66481207708e-08,0.00574568386356,0.00574570465534,2.0791775102e-08
0.0831666666667,1.02949317432,0.969984704138,0.969984721014,1.68759564101e-08,0.00479420526839,0.00479417204406,3.32243280093e-08
0.0837777777778,1.03272057223,0.969987381973,0.969987399077,1.71039453711e-08,0.00399264878464,0.0039926562328,7.44816867296e-09
0.0843888888889,1.03591343824,0.969989610027,0.96998962736,1.73330169106e-08,0.003318754896,0.00331879040943,3.55134326491e-08
0.085,1.03907225954,0.969991460307,0.96999147787,1.75630872068e-08,0.00275333360438,0.00275334445677,1.0852381101e-08
