case,log_scale_half_spread,curvature_numerator,alpha,correlation_curvature
spread,0,0,-7.5,-0
basket,0,0,7.5,0
spread,0.01,0.000200006666756,-7.5,-2.66675555675e-05
basket,0.01,0.000200006666756,7.5,2.66675555675e-05
spread,0.02,0.000800106672356,-7.5,-0.000106680889647
basket,0.02,0.000800106672356,7.5,0.000106680889647
spread,0.03,0.0018005400648,-7.5,-0.000240072008641
basket,0.03,0.0018005400648,7.5,0.000240072008641
spread,0.04,0.0032017070308,-7.5,-0.000426894270773
basket,0.04,0.0032017070308,7.5,0.000426894270773
spread,0.05,0.0050041680558,-7.5,-0.000667222407441
basket,0.05,0.0050041680558,7.5,0.000667222407441
spread,0.06,0.00720864414827,-7.5,-0.000961152553102
basket,0.06,0.00720864414827,7.5,0.000961152553102
spread,0.07,0.00981601712802,-7.5,-0.00130880228374
basket,0.07,0.00981601712802,7.5,0.00130880228374
spread,0.08,0.012827329979,-7.5,-0.00171031066387
basket,0.08,0.012827329979,7.5,0.00171031066387
spread,0.09,0.0162437872665,-7.5,-0.00216583830221
basket,0.09,0.0162437872665,7.5,0.00216583830221
spread,0.1,0.0200667556191,-7.5,-0.00267556741588
basket,0.1,0.0200667556191,7.5,0.00267556741588
spread,0.11,0.0242977642749,-7.5,-0.00323970190332
basket,0.11,0.0242977642749,7.5,0.00323970190332
spread,0.12,0.028938505694,-7.5,-0.00385846742586
basket,0.12,0.028938505694,7.5,0.00385846742586
spread,0.13,0.0339908362347,-7.5,-0.00453211149796
basket,0.13,0.0339908362347,7.5,0.00453211149796
spread,0.14,0.0394567768966,-7.5,-0.00526090358621
basket,0.14,0.0394567768966,7.5,0.00526090358621
spread,0.15,0.0453385141289,-7.5,-0.00604513521718
basket,0.15,0.0453385141289,7.5,0.00604513521718
spread,0.16,0.0516384007048,-7.5,-0.00688512009398
basket,0.16,0.0516384007048,7.5,0.00688512009398
spread,0.17,0.0583589566631,-7.5,-0.00778119422175
basket,0.17,0.0583589566631,7.5,0.00778119422175
spread,0.18,0.0655028703157,-7.5,-0.00873371604209
basket,0.18,0.0655028703157,7.5,0.00873371604209
spread,0.19,0.0730729993233,-7.5,-0.00974306657644
basket,0.19,0.0730729993233,7.5,0.00974306657644
spread,0.2,0.0810723718385,-7.5,-0.0108096495785
basket,0.2,0.0810723718385,7.5,0.0108096495785
spread,0.21,0.0895041877168,-7.5,-0.0119338916956
basket,0.21,0.0895041877168,7.5,0.0119338916956
spread,0.22,0.0983718197972,-7.5,-0.0131162426396
basket,0.22,0.0983718197972,7.5,0.0131162426396
spread,0.23,0.107678815251,-7.5,-0.0143571753668
basket,0.23,0.107678815251,7.5,0.0143571753668
spread,0.24,0.117428897,-7.5,-0.0156571862666
basket,0.24,0.117428897,7.5,0.0156571862666
spread,0.25,0.127625965206,-7.5,-0.0170167953609
basket,0.25,0.127625965206,7.5,0.0170167953609
spread,0.26,0.138274098835,-7.5,-0.0184365465113
basket,0.26,0.138274098835,7.5,0.0184365465113
spread,0.27,0.149377557279,-7.5,-0.0199170076373
basket,0.27,0.149377557279,7.5,0.0199170076373
spread,0.28,0.160940782072,-7.5,-0.021458770943
basket,0.28,0.160940782072,7.5,0.021458770943
spread,0.29,0.172968398658,-7.5,-0.0230624531544
basket,0.29,0.172968398658,7.5,0.0230624531544
spread,0.3,0.185465218242,-7.5,-0.0247286957656
basket,0.3,0.185465218242,7.5,0.0247286957656
spread,0.31,0.198436239721,-7.5,-0.0264581652961
basket,0.31,0.198436239721,7.5,0.0264581652961
spread,0.32,0.211886651674,-7.5,-0.0282515535565
basket,0.32,0.211886651674,7.5,0.0282515535565
spread,0.33,0.225821834447,-7.5,-0.0301095779262
basket,0.33,0.225821834447,7.5,0.0301095779262
spread,0.34,0.240247362298,-7.5,-0.0320329816397
basket,0.34,0.240247362298,7.5,0.0320329816397
spread,0.35,0.255169005631,-7.5,-0.0340225340841
basket,0.35,0.255169005631,7.5,0.0340225340841
spread,0.36,0.270592733302,-7.5,-0.0360790311069
basket,0.36,0.270592733302,7.5,0.0360790311069
spread,0.37,0.286524715008,-7.5,-0.0382032953344
basket,0.37,0.286524715008,7.5,0.0382032953344
spread,0.38,0.302971323753,-7.5,-0.0403961765004
basket,0.38,0.302971323753,7.5,0.0403961765004
spread,0.39,0.319939138402,-7.5,-0.0426585517869
basket,0.39,0.319939138402,7.5,0.0426585517869
spread,0.4,0.337434946305,-7.5,-0.044991326174
basket,0.4,0.337434946305,7.5,0.044991326174
spread,0.41,0.355465746019,-7.5,-0.0473954328026
basket,0.41,0.355465746019,7.5,0.0473954328026
spread,0.42,0.374038750105,-7.5,-0.0498718333473
basket,0.42,0.374038750105,7.5,0.0498718333473
spread,0.43,0.393161388012,-7.5,-0.0524215184016
basket,0.43,0.393161388012,7.5,0.0524215184016
spread,0.44,0.412841309049,-7.5,-0.0550455078733
basket,0.44,0.412841309049,7.5,0.0550455078733
spread,0.45,0.433086385449,-7.5,-0.0577448513932
basket,0.45,0.433086385449,7.5,0.0577448513932
spread,0.46,0.45390471551,-7.5,-0.0605206287347
basket,0.46,0.45390471551,7.5,0.0605206287347
spread,0.47,0.475304626844,-7.5,-0.0633739502459
basket,0.47,0.475304626844,7.5,0.0633739502459
spread,0.48,0.497294679699,-7.5,-0.0663059572932
basket,0.48,0.497294679699,7.5,0.0663059572932
spread,0.49,0.51988367039,-7.5,-0.0693178227187
basket,0.49,0.51988367039,7.5,0.0693178227187
spread,0.5,0.543080634815,-7.5,-0.0724107513087
basket,0.5,0.543080634815,7.5,0.0724107513087
spread,0.51,0.566894852069,-7.5,-0.0755859802758
basket,0.51,0.566894852069,7.5,0.0755859802758
spread,0.52,0.591335848155,-7.5,-0.078844779754
basket,0.52,0.591335848155,7.5,0.078844779754
spread,0.53,0.616413399799,-7.5,-0.0821884533065
basket,0.53,0.616413399799,7.5,0.0821884533065
spread,0.54,0.642137538355,-7.5,-0.0856183384474
basket,0.54,0.642137538355,7.5,0.0856183384474
spread,0.55,0.668518553822,-7.5,-0.0891358071763
basket,0.55,0.668518553822,7.5,0.0891358071763
spread,0.56,0.695566998958,-7.5,-0.0927422665277
basket,0.56,0.695566998958,7.5,0.0927422665277
spread,0.57,0.723293693501,-7.5,-0.0964391591335
basket,0.57,0.723293693501,7.5,0.0964391591335
spread,0.58,0.751709728499,-7.5,-0.1002279638
basket,0.58,0.751709728499,7.5,0.1002279638
spread,0.59,0.780826470745,-7.5,-0.104110196099
basket,0.59,0.780826470745,7.5,0.104110196099
spread,0.6,0.810655567324,-7.5,-0.108087408977
basket,0.6,0.810655567324,7.5,0.108087408977
spread,0.61,0.841208950273,-7.5,-0.11216119337
basket,0.61,0.841208950273,7.5,0.11216119337
spread,0.62,0.872498841351,-7.5,-0.116333178847
basket,0.62,0.872498841351,7.5,0.116333178847
spread,0.63,0.904537756933,-7.5,-0.120605034258
basket,0.63,0.904537756933,7.5,0.120605034258
spread,0.64,0.937338513011,-7.5,-0.124978468401
basket,0.64,0.937338513011,7.5,0.124978468401
spread,0.65,0.970914230327,-7.5,-0.12945523071
basket,0.65,0.970914230327,7.5,0.12945523071
spread,0.66,1.00527833961,-7.5,-0.134037111948
basket,0.66,1.00527833961,7.5,0.134037111948
spread,0.67,1.04044458697,-7.5,-0.13872594493
basket,0.67,1.04044458697,7.5,0.13872594493
spread,0.68,1.07642703937,-7.5,-0.14352360525
basket,0.68,1.07642703937,7.5,0.14352360525
spread,0.69,1.11324009028,-7.5,-0.148432012037
basket,0.69,1.11324009028,7.5,0.148432012037
spread,0.7,1.15089846539,-7.5,-0.153453128719
basket,0.7,1.15089846539,7.5,0.153453128719
spread,0.71,1.18941722857,-7.5,-0.15858896381
basket,0.71,1.18941722857,7.5,0.15858896381
spread,0.72,1.22881178784,-7.5,-0.163841571712
basket,0.72,1.22881178784,7.5,0.163841571712
