r,q,sigma,T,kind,S,ref,ppa,spiral,baw
0.05,0.05,0.2,0.5,call,80.0,0.3019914707854377,0.3020058231124372,0.3020017206631919,0.3047173021426049
0.05,0.05,0.2,0.5,call,90.0,1.7336691583124504,1.7337423797464782,1.7337399373156053,1.7399299047215815
0.05,0.05,0.2,0.5,call,100.0,5.524703670091735,5.524982164315523,5.524991736969472,5.5322664720074535
0.05,0.05,0.2,0.5,call,110.0,12.004516280163076,12.00545682073755,12.005457413736663,12.003593935539365
0.05,0.05,0.2,0.5,call,120.0,20.46270914346127,20.464585964961135,20.464536121879615,20.444339983329932
0.05,0.05,0.2,0.5,put,80.0,20.115104923298272,20.116743554741863,20.116863591559962,20.097810394766906
0.05,0.05,0.2,0.5,put,90.0,11.57798793491418,11.57904329263392,11.579047773171977,11.575719022484671
0.05,0.05,0.2,0.5,put,100.0,5.524709863973985,5.52498216431451,5.525005161638152,5.5322664720074535
0.05,0.05,0.2,0.5,put,110.0,2.163168326656122,2.163261652865782,2.1632674046524016,2.170401960230886
0.05,0.05,0.2,0.5,put,120.0,0.7040419855815577,0.7040752402445138,0.704071648022687,0.708603003866963
0.05,0.05,0.2,1.0,call,80.0,1.1338852906359884,1.1339789443978923,1.1339593032487663,1.1488314489964255
0.05,0.05,0.2,1.0,call,90.0,3.4402754499962627,3.440536258314493,3.440508656156138,3.465294607761308
0.05,0.05,0.2,1.0,call,100.0,7.662180356652775,7.662776169127557,7.6627430786117525,7.692109903535026
0.05,0.05,0.2,1.0,call,110.0,13.812898547580593,13.8141437945066,13.814105983046538,13.834080161710563
0.05,0.05,0.2,1.0,call,120.0,21.533940293501114,21.53875171612552,21.538822518956508,21.533481263289758
0.05,0.05,0.2,1.0,put,80.0,20.67365096589565,20.678811598438614,20.67913399194514,20.663041324735172
0.05,0.05,0.2,1.0,put,90.0,13.140723019180408,13.142772792597027,13.142740953409056,13.158809134905841
0.05,0.05,0.2,1.0,put,100.0,7.661892335493139,7.662776169127413,7.662743815805194,7.692109903535025
0.05,0.05,0.2,1.0,put,110.0,4.115022594648351,4.115474975371964,4.115444469480252,4.143559516354579
0.05,0.05,0.2,1.0,put,120.0,2.0545332931414935,2.054758460448121,2.0547311312814847,2.0766227422674914
0.05,0.05,0.2,3.0,call,80.0,4.263137356972911,4.2641687451715145,4.256724704362365,4.401635698404056
0.05,0.05,0.2,3.0,call,90.0,7.712818896826366,7.7147711764384335,7.706980528516969,7.892778288954831
0.05,0.05,0.2,3.0,call,100.0,12.359987304537968,12.36335872168442,12.356976957386832,12.566132223444361
0.05,0.05,0.2,3.0,call,110.0,18.135774335014016,18.140867923417353,18.134140992215652,18.34384113872691
0.05,0.05,0.2,3.0,call,120.0,24.925373944701303,24.930565609893673,24.91622663207311,25.107264474530922
0.05,0.05,0.2,3.0,put,80.0,22.919901609239144,22.93110356487381,22.91100359626208,23.056375467867255
0.05,0.05,0.2,3.0,put,90.0,16.951028213889426,16.962889925185088,16.95591020804162,17.144054951963945
0.05,0.05,0.2,3.0,put,100.0,12.356136391717627,12.36335872168496,12.357280842429422,12.566132223444361
0.05,0.05,0.2,3.0,put,110.0,8.8931663445181,8.897213424640817,8.889321279359054,9.096392035688282
0.05,0.05,0.2,3.0,put,120.0,6.334093181457516,6.33642036913989,6.327618771392072,6.51887849615857
0.05,0.05,0.4,0.5,call,80.0,3.014980964905527,3.015103901317474,3.0151140418627644,3.0264344465635915
0.05,0.05,0.4,0.5,call,90.0,6.276190170654227,6.276417110167227,6.276453944361611,6.29105263449311
0.05,0.05,0.4,0.5,call,100.0,11.022250692313156,11.0226227429201,11.022684485893171,11.037348813051397
0.05,0.05,0.4,0.5,call,110.0,17.143073378213217,17.14364565064355,17.143710742824886,17.153164148166553
0.05,0.05,0.4,0.5,call,120.0,24.407925417684453,24.408784598096332,24.408827308321346,24.406832778736785
0.05,0.05,0.4,0.5,put,80.0,22.709531801069506,22.710561193419817,22.71057093224998,22.70270271442445
0.05,0.05,0.4,0.5,put,90.0,16.1086033845377,16.109252605574035,16.109300345073876,16.11695195172489
0.05,0.05,0.4,0.5,put,100.0,11.022199348625307,11.02262274291898,11.02268137283568,11.03734881305139
0.05,0.05,0.4,0.5,put,110.0,7.311298572763983,7.311577962812496,7.311621302004374,7.3278712367324275
0.05,0.05,0.4,0.5,put,120.0,4.72595837133431,4.726144504552173,4.726166867623326,4.741315814860847
0.05,0.05,0.4,1.0,call,80.0,6.125333647432865,6.125903776725941,6.125859880142266,6.171659740084363
0.05,0.05,0.4,1.0,call,90.0,10.149308228360999,10.15029013895791,10.150241760366336,10.205365438004524
0.05,0.05,0.4,1.0,call,100.0,15.24896043364598,15.25059015145991,15.250536130821981,15.309704751006278
0.05,0.05,0.4,1.0,call,110.0,21.313023718565912,21.315660477748324,21.315598707240525,21.371642189326348
0.05,0.05,0.4,1.0,call,120.0,28.204494567531594,28.20857964539996,28.208513191497286,28.253414144625783
0.05,0.05,0.4,1.0,put,80.0,25.535274397343866,25.537595223616485,25.537546105926967,25.566667090362763
0.05,0.05,0.4,1.0,put,90.0,19.83718428632613,19.838916019659884,19.838860066823983,19.888544277694663
0.05,0.05,0.4,1.0,put,100.0,15.249321031749258,15.250590151459992,15.250536457940514,15.309704751006281
0.05,0.05,0.4,1.0,put,110.0,11.626995783503284,11.62792656580597,11.627873150594114,11.689191384369966
0.05,0.05,0.4,1.0,put,120.0,8.810981780893192,8.811670746412425,8.811616434179086,8.87083020337222
0.05,0.05,0.4,3.0,call,80.0,13.887616835510597,13.89228755247355,13.877660480778736,14.218450879636684
0.05,0.05,0.4,3.0,call,90.0,18.82379272205934,18.83036407437185,18.816430362343812,19.199851329744885
0.05,0.05,0.4,3.0,call,100.0,24.373242650496014,24.381912083464222,24.36909930794883,24.783118961442547
0.05,0.05,0.4,3.0,call,110.0,30.46843374982125,30.4792390489388,30.466877034869174,30.899322119758818
0.05,0.05,0.4,3.0,call,120.0,37.0483372305639,37.06104239104854,37.047282748698,37.48688263996347
0.05,0.05,0.4,3.0,put,80.0,32.40440748008855,32.41312064518741,32.39843977307916,32.75229849052062
0.05,0.05,0.4,3.0,put,90.0,28.061281002541154,28.06891104598921,28.05755994295157,28.448140915832482
0.05,0.05,0.4,3.0,put,100.0,24.3754878841107,24.3819120834637,24.370187485944612,24.783118961442554
0.05,0.05,0.4,3.0,put,110.0,21.236402761402076,21.24183197277156,21.22843858521246,21.651995670154434
0.05,0.05,0.4,3.0,put,120.0,18.55427668430966,18.55891921036607,18.54373060329733,18.96905087290619
0.05,0.05,0.6,0.5,call,80.0,6.9703956757821075,6.97102443923697,6.971069443263508,6.990767716029617
0.05,0.05,0.6,0.5,call,90.0,11.204046709718384,11.205180809667425,11.20525954485815,11.227670259628402
0.05,0.05,0.6,0.5,call,100.0,16.464191107347958,16.465988798326606,16.466094953833245,16.488460990081066
0.05,0.05,0.6,0.5,call,110.0,22.634769125868253,22.637333207270164,22.63745135231563,22.656241693899023
0.05,0.05,0.6,0.5,call,120.0,29.581379904640276,29.58474349212898,29.58485472948615,29.596159909616688
0.05,0.05,0.6,0.5,put,80.0,26.644924998937103,26.646089610905626,26.646123920522818,26.65105210021905
0.05,0.05,0.6,0.5,put,90.0,21.03518718528463,21.03609496494293,21.036153607095894,21.05254039307808
0.05,0.05,0.6,0.5,put,100.0,16.465280292275274,16.46598879832764,16.466051816821814,16.488460990081066
0.05,0.05,0.6,0.5,put,110.0,12.806209942103438,12.806762386554432,12.80681612452642,12.83164035065018
0.05,0.05,0.6,0.5,put,120.0,9.914924045860092,9.915355472681158,9.915394156781364,9.940440128082898
0.05,0.05,0.6,1.0,call,80.0,12.114080081336299,12.114847434478845,12.114798444870827,12.189945449341918
0.05,0.05,0.6,1.0,call,90.0,17.042014524504193,17.043064507092357,17.04301282561407,17.127580642301467
0.05,0.05,0.6,1.0,call,100.0,22.689322871317227,22.690710834161322,22.690654550169274,22.780419934362858
0.05,0.05,0.6,1.0,call,110.0,28.96634404269334,28.96813946251885,28.96807637183167,29.058218745138063
0.05,0.05,0.6,1.0,call,120.0,35.78829293274289,35.790587408677,35.79051648979948,35.87597711314834
0.05,0.05,0.6,1.0,put,80.0,31.500222781930212,31.50554390149426,31.50548487651565,31.57047525585163
0.05,0.05,0.6,1.0,put,90.0,26.726163848028968,26.730676942191653,26.730619803494605,26.811505146904278
0.05,0.05,0.6,1.0,put,100.0,22.686993386534226,22.6907108341614,22.69065496087517,22.780419934362858
0.05,0.05,0.6,1.0,put,110.0,19.27791469313184,19.28092921302259,19.280872396253503,19.374621151151956
0.05,0.05,0.6,1.0,put,120.0,16.40408936607914,16.406518683483366,16.406459352502516,16.50090398575049
0.05,0.05,0.6,3.0,call,80.0,23.66248098341668,23.666676217595576,23.64694177889266,24.16343888976644
0.05,0.05,0.6,3.0,call,90.0,29.503578176708718,29.50889933165311,29.489623433992236,30.056936821205326
0.05,0.05,0.6,3.0,call,100.0,35.73443781733384,35.74096750165192,35.72223798143631,36.3313382440387
0.05,0.05,0.6,3.0,call,110.0,42.307288041891645,42.31506360084899,42.29648052123867,42.938774269876184
0.05,0.05,0.6,3.0,call,120.0,49.182343074415385,49.191330033066414,49.172048040483,49.83959626908214
0.05,0.05,0.6,3.0,put,80.0,42.167930500908085,42.185688291259574,42.167795648166184,42.711585871470554
0.05,0.05,0.6,3.0,put,90.0,38.743679375922156,38.75834997783175,38.74200767819276,39.32253019660011
0.05,0.05,0.6,3.0,put,100.0,35.72850231510642,35.74096750165195,35.72422888901353,36.331338244038704
0.05,0.05,0.6,3.0,put,110.0,33.05527610967263,33.06613717219551,33.048094839772915,33.67362142514085
0.05,0.05,0.6,3.0,put,120.0,30.67126606041878,30.680920137645522,30.661247171610018,31.298717911438
0.07,0.03,0.2,0.5,call,80.0,0.4165236446964063,0.41652364469641867,0.4165236446964063,0.4165289166667029
0.07,0.03,0.2,0.5,call,90.0,2.1912966920094945,2.1912966920095216,2.1912966920094945,2.191313023946513
0.07,0.03,0.2,0.5,call,100.0,6.52841367589755,6.528413675897632,6.528413675897538,6.528458582482814
0.07,0.03,0.2,0.5,call,110.0,13.491601853056913,13.49160185306165,13.491601853056503,13.491713972018891
0.07,0.03,0.2,0.5,call,120.0,22.169677147500963,22.169677147623474,22.169677147496497,22.169935631684655
0.07,0.03,0.2,0.5,put,80.0,20.0,20.00009309918926,20.00227641106839,20.0
0.07,0.03,0.2,0.5,put,90.0,10.743962997385278,10.774929424960403,10.775709896261615,10.721309967516405
0.07,0.03,0.2,0.5,put,100.0,4.779988693400936,4.783255627228206,4.7831304464059805,4.78382326278133
0.07,0.03,0.2,0.5,put,110.0,1.7431604964490621,1.744014128837648,1.7439249931122398,1.7648601065302914
0.07,0.03,0.2,0.5,put,120.0,0.529089995972428,0.5294313370153744,0.529355927391884,0.5466175541100009
0.07,0.03,0.2,1.0,call,80.0,1.655166068029302,1.6551660680366482,1.655166068017813,1.655512924715989
0.07,0.03,0.2,1.0,call,90.0,4.621687769263451,4.621687769433298,4.621687769004417,4.622452485028224
0.07,0.03,0.2,1.0,call,100.0,9.63172440481455,9.631724407055932,9.631724401759502,9.633275227037677
0.07,0.03,0.2,1.0,call,110.0,16.467181172301554,16.4671811915273,16.467181150738657,16.47011890948559
0.07,0.03,0.2,1.0,call,120.0,24.60706342617443,24.607063543517484,24.607063327806795,24.612315533943093
0.07,0.03,0.2,1.0,put,80.0,20.0,20.000127435771805,20.0162938545931,20.0
0.07,0.03,0.2,1.0,put,90.0,11.672715560620887,11.676915001697068,11.67693036312447,11.631443759580444
0.07,0.03,0.2,1.0,put,100.0,6.292626781932984,6.295526963486461,6.295176445018101,6.319274922428936
0.07,0.03,0.2,1.0,put,110.0,3.1391663747670977,3.140906868063099,3.140551493869932,3.19379485947023
0.07,0.03,0.2,1.0,put,120.0,1.4613788510986556,1.4623421611251397,1.4620559605108698,1.5137170268040263
0.07,0.03,0.2,3.0,call,80.0,7.089816131752731,7.0898182297561405,7.089790227610867,7.133138669103675
0.07,0.03,0.2,3.0,call,90.0,11.837429688033328,11.837436589513386,11.837360179880838,11.904693615930647
0.07,0.03,0.2,3.0,call,100.0,17.724356814011735,17.724375416769902,17.724211867180156,17.823177977945893
0.07,0.03,0.2,3.0,call,110.0,24.534259709253316,24.53430267574308,24.534016107306332,24.672620931666597
0.07,0.03,0.2,3.0,call,120.0,32.050168216203744,32.050256150209584,32.049834746091975,32.235754654555
0.07,0.03,0.2,3.0,put,80.0,20.400960991085302,20.275348808150216,20.219472734745917,20.38334152025552
0.07,0.03,0.2,3.0,put,90.0,13.595606173215348,13.607366119175301,13.557714178417974,13.670504251522866
0.07,0.03,0.2,3.0,put,100.0,9.045508015084401,9.065986765619753,9.04143199391656,9.207703287703227
0.07,0.03,0.2,3.0,put,110.0,5.9992506779761126,6.012239933390395,5.996284107065527,6.200780947506258
0.07,0.03,0.2,3.0,put,120.0,3.965762175095505,3.973013537726055,3.9589918058576075,4.171768136079621
0.07,0.03,0.4,0.5,call,80.0,3.3984340210134683,3.3984340277383716,3.3984340168618923,3.399388556865764
0.07,0.03,0.4,0.5,call,90.0,6.932257597658803,6.93225763826811,6.932257580854825,6.934034499911421
0.07,0.03,0.4,0.5,call,100.0,11.971756150396235,11.971756330061657,11.971756111316536,11.97484059615212
0.07,0.03,0.4,0.5,call,110.0,18.3611027680655,18.361103391369742,18.361102745773177,18.36614445186351
0.07,0.03,0.4,0.5,call,120.0,25.836196825558567,25.836198618617686,25.83619706823,25.844005187337043
0.07,0.03,0.4,0.5,put,80.0,21.869029600149222,21.87159066643917,21.87144786963003,21.80057351597817
0.07,0.03,0.4,0.5,put,90.0,15.229124165368507,15.2305483661826,15.23014442841462,15.202333828795089
0.07,0.03,0.4,0.5,put,100.0,10.238408780097604,10.239583487898772,10.239152333212072,10.243972512417061
0.07,0.03,0.4,0.5,put,110.0,6.677893099427902,6.678869328298504,6.678456727252562,6.700273551035874
0.07,0.03,0.4,0.5,put,120.0,4.247544573975945,4.248335722055754,4.247960134978439,4.275824880729315
0.07,0.03,0.4,1.0,call,80.0,7.113955572207133,7.113957259905215,7.113956089378385,7.126424137826761
0.07,0.03,0.4,1.0,call,90.0,11.551978938370153,11.551983702350967,11.551981068511525,11.57118933813386
0.07,0.03,0.4,1.0,call,100.0,17.06104081878795,17.06105220043292,17.06104723071192,17.088969394403907
0.07,0.03,0.4,1.0,call,110.0,23.495589642900775,23.495613444266013,23.495605261202165,23.534216629123364
0.07,0.03,0.4,1.0,call,120.0,30.69432392339718,30.694368590588642,30.69435647572595,30.74546500455117
0.07,0.03,0.4,1.0,put,80.0,23.989683709699822,24.007907567608466,24.00756491695647,23.96568111318946
0.07,0.03,0.4,1.0,put,90.0,18.26800381522191,18.277328449967502,18.276600934961465,18.291044545887445
0.07,0.03,0.4,1.0,put,100.0,13.784814713196157,13.790334330994051,13.789493208926901,13.843881976136727
0.07,0.03,0.4,1.0,put,110.0,10.329435476579613,10.333303745647012,10.332436643926066,10.409659248392822
0.07,0.03,0.4,1.0,put,120.0,7.701075702623533,7.704051442231924,7.7032090626039365,7.7904974699567155
0.07,0.03,0.4,3.0,call,80.0,17.198226482187945,17.198375967348845,17.197915187969837,17.443554622705058
0.07,0.03,0.4,3.0,call,90.0,22.82959159366688,22.82983338750442,22.82935131766069,23.13510271525059
0.07,0.03,0.4,3.0,call,100.0,29.023996849025995,29.024365492684684,29.023938347011924,29.391324406170227
0.07,0.03,0.4,3.0,call,110.0,35.697106097324045,35.697644988742795,35.697353245949294,36.12628601993454
0.07,0.03,0.4,3.0,call,120.0,42.776696432420664,42.7774629679288,42.77737828028436,43.26633419074137
0.07,0.03,0.4,3.0,put,80.0,28.87101609255203,28.89668356127564,28.83865450591643,29.140607018862017
0.07,0.03,0.4,3.0,put,90.0,24.423328984774834,24.448238381688377,24.408371510481768,24.77301796670084
0.07,0.03,0.4,3.0,put,100.0,20.774880618567003,20.79544493519307,20.764378764443123,21.180514530894754
0.07,0.03,0.4,3.0,put,110.0,17.75746627475494,17.77414031832951,17.746282900675318,18.198937295716654
0.07,0.03,0.4,3.0,put,120.0,15.245246653510067,15.259011141065132,15.231674575257351,15.706894986078256
0.07,0.03,0.6,0.5,call,80.0,7.480515079780295,7.4805164681216665,7.480519251055725,7.4870726576532975
0.07,0.03,0.6,0.5,call,90.0,11.917512286748005,11.917515876412835,11.917522291548103,11.927453712420123
0.07,0.03,0.6,0.5,call,100.0,17.38044499671027,17.3804530435703,17.380465412028656,17.394669063159736
0.07,0.03,0.6,0.5,call,110.0,23.73882547396136,23.73884173243962,23.73886233528258,23.758194551004525
0.07,0.03,0.6,0.5,call,120.0,30.848046042505953,30.8480765352134,30.848106813121102,30.87331058879501
0.07,0.03,0.6,0.5,put,80.0,25.760678613954827,25.76737191273941,25.766901501528892,25.72604454352904
0.07,0.03,0.6,0.5,put,90.0,20.16889661121817,20.17414682017139,20.173612763047757,20.16455978970455
0.07,0.03,0.6,0.5,put,100.0,15.664909159452364,15.66903003252335,15.668483557481128,15.68148137819896
0.07,0.03,0.6,0.5,put,110.0,12.094942684472299,12.098139144464286,12.097596615772096,12.12415025604178
0.07,0.03,0.6,0.5,put,120.0,9.299846892454337,9.302313271647096,9.301785495276494,9.335679551856307
0.07,0.03,0.6,1.0,call,80.0,13.254369442927743,13.254422925040656,13.254459245186254,13.297670397292487
0.07,0.03,0.6,1.0,call,90.0,18.479135377258885,18.479234026494726,18.479285668187103,18.535936216143018
0.07,0.03,0.6,1.0,call,100.0,24.41147357360433,24.411638768809723,24.4117061417194,24.482845001410166
0.07,0.03,0.6,1.0,call,110.0,30.952094458032697,30.95235063649015,30.95243303840324,31.038647343436747
0.07,0.03,0.6,1.0,call,120.0,38.00970164565932,38.01007535603066,38.01017137576991,38.111581180970994
0.07,0.03,0.6,1.0,put,80.0,29.932141472713496,29.9486960208424,29.94786321616587,29.97132489280465
0.07,0.03,0.6,1.0,put,90.0,25.170378578283103,25.18351175879959,25.182526389682437,25.24568364768364
0.07,0.03,0.6,1.0,put,100.0,21.19283559751342,21.203027657346123,21.201962148724892,21.293163062621566
0.07,0.03,0.6,1.0,put,110.0,17.87305665965123,17.881008429270803,17.87990395945717,17.989520655424574
0.07,0.03,0.6,1.0,put,120.0,15.10225851267937,15.108578915051108,15.107464643545487,15.228166222173678
0.07,0.03,0.6,3.0,call,80.0,27.009492915621287,27.01038721155603,27.008355111115982,27.434506233027477
0.07,0.03,0.6,3.0,call,90.0,33.36157879367881,33.3628047702703,33.360914781147855,33.85320256685946
0.07,0.03,0.6,3.0,call,100.0,40.072573425126656,40.074184878860365,40.0725810351161,40.62840517259077
0.07,0.03,0.6,3.0,call,110.0,47.09134126002598,47.09338971196015,47.092182158152966,47.7083539362805
0.07,0.03,0.6,3.0,call,120.0,54.37611298243847,54.3786471481975,54.37790497322235,55.05082324663123
0.07,0.03,0.6,3.0,put,80.0,38.61693982300842,38.64478567298465,38.59499504518477,39.153210721894865
0.07,0.03,0.6,3.0,put,90.0,35.11736514509282,35.14431129025516,35.10334012209694,35.721064150049905
0.07,0.03,0.6,3.0,put,100.0,32.08688238826282,32.11206157090912,32.07541278945429,32.74076862166392
0.07,0.03,0.6,3.0,put,110.0,29.438707497328465,29.462030459483273,29.426987245788013,30.129205080531957
0.07,0.03,0.6,3.0,put,120.0,27.107009015897734,27.128606395882265,27.093639497062316,27.82349987819867
0.03,0.07,0.2,0.5,call,80.0,0.2193581848573187,0.21950962852280478,0.2194538130901235,0.23000257942033378
0.03,0.07,0.2,0.5,call,90.0,1.3861625022107351,1.3868279276054951,1.3867137101859157,1.4049785574725608
0.03,0.07,0.2,0.5,call,100.0,4.781436201082203,4.783255627228222,4.783100729646543,4.782068892788123
0.03,0.07,0.2,0.5,call,110.0,11.095002653618657,11.098192955880714,11.098282339235515,11.040858014411834
0.03,0.07,0.2,0.5,call,120.0,20.0,20.000514255508733,20.00206400199141,20.0
0.03,0.07,0.2,0.5,put,80.0,21.477579449129603,21.477579449402505,21.477579448816876,21.477874765005094
0.03,0.07,0.2,0.5,put,90.0,12.951808590872526,12.951808590876652,12.951808590867392,12.951915231195047
0.03,0.07,0.2,0.5,put,100.0,6.528413675897579,6.528413675897676,6.52841367589751,6.528456547266757
0.03,0.07,0.2,0.5,put,110.0,2.7153484586059227,2.715348458605965,2.7153484586059218,2.7153672588172797
0.03,0.07,0.2,0.5,put,120.0,0.9409763068733655,0.9409763068733673,0.9409763068733655,0.9409851647591628
0.03,0.07,0.2,1.0,call,80.0,0.7797603125742205,0.7803678666948564,0.7801749811534117,0.8150380928651145
0.03,0.07,0.2,1.0,call,90.0,2.603471788728569,2.605016377263235,2.604701075403362,2.649213990090358
0.03,0.07,0.2,1.0,call,100.0,6.292360026017011,6.2955269634869,6.295176309301391,6.312196306833658
0.03,0.07,0.2,1.0,call,110.0,12.177346509454374,12.183608755909393,12.183515734232547,12.13171702768447
0.03,0.07,0.2,1.0,call,120.0,20.219107429784966,20.231257816069935,20.236378880976904,20.161446363445286
0.03,0.07,0.2,1.0,put,80.0,23.199670539690196,23.199670765369017,23.199670418954156,23.204898734519844
0.03,0.07,0.2,1.0,put,90.0,15.585774431456407,15.585774454318809,15.58577441004176,15.588437776443692
0.03,0.07,0.2,1.0,put,100.0,9.63172440473544,9.631724407055977,9.631724401828258,9.633174661863952
0.03,0.07,0.2,1.0,put,110.0,5.491549913031886,5.4915499132772565,5.4915499126778435,5.492386033245512
0.03,0.07,0.2,1.0,put,120.0,2.911286640684524,2.911286640711878,2.9112866406432065,2.911792292582012
0.03,0.07,0.2,3.0,call,80.0,2.5773193448594554,2.581141683763741,2.570010663095038,2.7108803716044587
0.03,0.07,0.2,3.0,call,90.0,5.160047335081033,5.168402246293872,5.154298114363894,5.300601936877018
0.03,0.07,0.2,3.0,call,100.0,9.051815598458964,9.06598676561965,9.042190346975842,9.15404957197282
0.03,0.07,0.2,3.0,call,110.0,14.422211860492197,14.429040735431697,14.380193449041881,14.444372725229886
0.03,0.07,0.2,3.0,call,120.0,21.392010488922317,21.326124975576107,21.25307180998926,21.335708115721424
0.03,0.07,0.2,3.0,put,80.0,28.810499081492637,28.810605185930033,28.81024193498617,28.962687595498785
0.03,0.07,0.2,3.0,put,90.0,22.80440463746898,22.804451306701,22.804191328981318,22.91936694657362
0.03,0.07,0.2,3.0,put,100.0,17.72435483021046,17.724375416769867,17.724217790781474,17.811767106264444
0.03,0.07,0.2,3.0,put,110.0,13.56141801349136,13.561427195494472,13.561339249846595,13.628776728772563
0.03,0.07,0.2,3.0,put,120.0,10.24089117129133,10.24089532792663,10.24084837766429,10.293613857362551
0.03,0.07,0.4,0.5,call,80.0,2.6885607489827352,2.6893254449196435,2.6889611334545913,2.710793791884098
0.03,0.07,0.4,0.5,call,90.0,5.721335273634168,5.722847311341499,5.722352350007605,5.741585392949342
0.03,0.07,0.4,0.5,call,100.0,10.236795471552673,10.239583487899333,10.239026598550417,10.241723027090417
0.03,0.07,0.4,0.5,call,110.0,16.177485550374985,16.182068365572015,16.181512028545207,16.152008032638534
0.03,0.07,0.4,0.5,call,120.0,23.35406595574455,23.360535666214112,23.359920452578223,23.288329933642327
0.03,0.07,0.4,0.5,put,80.0,23.913911745212264,23.91391483716298,23.913912559696307,23.921378690330148
0.03,0.07,0.4,0.5,put,90.0,17.228968584230824,17.228969398867235,17.22896861647062,17.233632755045154
0.03,0.07,0.4,0.5,put,100.0,11.971756104244596,11.971756330061643,11.971756072305077,11.974761679507157
0.03,0.07,0.4,0.5,put,110.0,8.062199543041949,8.062199608114737,8.062199524504196,8.064203132049252
0.03,0.07,0.4,0.5,put,120.0,5.288759450351262,5.2887594697320885,5.288759442622073,5.290138441073015
0.03,0.07,0.4,1.0,call,80.0,5.312598640463586,5.314375067616082,5.313721686807334,5.37937358886784
0.03,0.07,0.4,1.0,call,90.0,9.000745434393124,9.003407490248893,9.002627850802204,9.065865064018663
0.03,0.07,0.4,1.0,call,100.0,13.786675507059883,13.79033433099371,13.789493439328549,13.833675435107855
0.03,0.07,0.4,1.0,call,110.0,19.598708600767328,19.603379094142905,19.602561185116024,19.61067201362806
0.03,0.07,0.4,1.0,call,120.0,26.330027349805285,26.33568423531826,26.335044810364117,26.294142101434026
0.03,0.07,0.4,1.0,put,80.0,27.625378863807033,27.625417784574424,27.6254123477555,27.670006152590496
0.03,0.07,0.4,1.0,put,90.0,21.834583011726853,21.83460204254774,21.83459828983178,21.869110888067073
0.03,0.07,0.4,1.0,put,100.0,17.061042557517464,17.0610522004329,17.06104966387292,17.087823803747384
0.03,0.07,0.4,1.0,put,110.0,13.211527052908592,13.211532078994042,13.211530418693297,13.232494451766149
0.03,0.07,0.4,1.0,put,120.0,10.160440595563946,10.160443274467097,10.160442215667238,10.177056896730832
0.03,0.07,0.4,3.0,call,80.0,11.316049745222001,11.328089530433928,11.304828206733402,11.625302506029051
0.03,0.07,0.4,3.0,call,90.0,15.708493790489205,15.724503457480154,15.699193887112724,16.02810591410698
0.03,0.07,0.4,3.0,call,100.0,20.775606624295484,20.79544493519306,20.765605045690833,21.08399988843752
0.03,0.07,0.4,3.0,call,110.0,26.47220295531725,26.494694216637257,26.455721800325,26.749019682220545
0.03,0.07,0.4,3.0,call,120.0,32.75408221651636,32.77601065814461,32.72202882377657,32.98221471692288
0.03,0.07,0.4,3.0,put,80.0,37.15942152887371,37.16032078392965,37.16057094736252,37.5306854979612
0.03,0.07,0.4,3.0,put,90.0,32.818200659594744,32.81887992958702,32.818846045394665,33.16982321872011
0.03,0.07,0.4,3.0,put,100.0,29.023845933472984,29.02436549268472,29.024130804089673,29.353261645510134
0.03,0.07,0.4,3.0,put,110.0,25.70776329102757,25.708165300762555,25.70780730244609,26.014630808883563
0.03,0.07,0.4,3.0,put,120.0,22.808404678803587,22.808719225578532,22.808296940163114,23.09352061878444
0.03,0.07,0.6,0.5,call,80.0,6.516975416926841,6.518419186431829,6.517755947409606,6.5452278296718935
0.03,0.07,0.6,0.5,call,90.0,10.574685379276879,10.576858166159019,10.576055124789129,10.59917500423722
0.03,0.07,0.6,0.5,call,100.0,15.665967746218792,15.66903003252443,15.668152622680427,15.678759735763025
0.03,0.07,0.6,0.5,call,110.0,21.68989496119464,21.693989548410762,21.693100943021285,21.682673609581695
0.03,0.07,0.6,0.5,call,120.0,28.522970155658875,28.52819025679922,28.52731415859791,28.488408679698317
0.03,0.07,0.6,0.5,put,80.0,27.712217000589654,27.71223924603199,27.71226403431553,27.734503763423962
0.03,0.07,0.6,0.5,put,90.0,22.0448765208113,22.04488712314803,22.044904669801497,22.062494721269832
0.03,0.07,0.6,0.5,put,100.0,17.3804477493039,17.380453043570213,17.380464329394922,17.394368194249175
0.03,0.07,0.6,0.5,put,110.0,13.610843773300006,13.6108465258297,13.610853458899012,13.621915888055252
0.03,0.07,0.6,0.5,put,120.0,10.606715990965318,10.606717470516633,10.606721638453296,10.61560991381141
0.03,0.07,0.6,1.0,call,80.0,11.116663694939227,11.119166103083932,11.118277629093061,11.209200412595584
0.03,0.07,0.6,1.0,call,90.0,15.78962822743772,15.792883766296729,15.791887631919398,15.881281371702455
0.03,0.07,0.6,1.0,call,100.0,21.198931815594094,21.203027657346137,21.201962188112716,21.280120841396595
0.03,0.07,0.6,1.0,call,110.0,27.26532215182708,27.27037174844701,27.269277415053928,27.326622534256234
0.03,0.07,0.6,1.0,call,120.0,33.9113464678155,33.9175159107259,33.91644114154856,33.94437170199256
0.03,0.07,0.6,1.0,put,80.0,33.36552766120706,33.36574802337674,33.36582552546118,33.44930090135624
0.03,0.07,0.6,1.0,put,90.0,28.54117547424671,28.541323870903778,28.541396407446918,28.617265693898503
0.03,0.07,0.6,1.0,put,100.0,24.411537814951732,24.411638768809706,24.41170396153296,24.479944945058957
0.03,0.07,0.6,1.0,put,110.0,20.889847137427175,20.889916670123423,20.889973497176808,20.951095253515053
0.03,0.07,0.6,1.0,put,120.0,17.893283363310005,17.893331912248424,17.893380359532692,17.948086272110082
0.03,0.07,0.6,3.0,call,80.0,20.840307041254466,20.851356861766504,20.821060501110562,21.31602505906178
0.03,0.07,0.6,3.0,call,90.0,26.256387740604072,26.269352429039575,26.237086851880854,26.75650843078134
0.03,0.07,0.6,3.0,call,100.0,32.09742007740811,32.112061570909106,32.0765655511609,32.60790205879266
0.03,0.07,0.6,3.0,call,110.0,38.319987489957335,38.33585235799341,38.29512455235851,38.82771176625081
0.03,0.07,0.6,3.0,call,120.0,44.887154437632155,44.90344863064646,44.85495625038596,45.38024649334006
0.03,0.07,0.6,3.0,put,80.0,46.48390614367601,46.4880426852425,46.48883940462473,46.979317203365625
0.03,0.07,0.6,3.0,put,90.0,43.09790058880975,43.101369789818946,43.10162755116085,43.59468201170977
0.03,0.07,0.6,3.0,put,100.0,40.07125483785438,40.07418487886022,40.07392160240897,40.564513944483785
0.03,0.07,0.6,3.0,put,110.0,37.35234203442688,37.35483670296133,37.35412035527564,37.838958755703324
0.03,0.07,0.6,3.0,put,120.0,34.899090392342416,34.90123142536598,34.900142995732516,35.3771017866094
0.1,0.05,0.2,0.5,call,80.0,0.4448922887543677,0.44489228875438513,0.4448922887543649,0.44493335208267865
0.1,0.05,0.2,0.5,call,90.0,2.2914207041916277,2.291420704192582,2.2914207041911085,2.2915449955304363
0.1,0.05,0.2,0.5,call,100.0,6.718645268863039,6.718645268916987,6.718645268833521,6.7189799961679455
0.1,0.05,0.2,0.5,call,110.0,13.727861759489343,13.72786176093221,13.72786175884105,13.728681755212653
0.1,0.05,0.2,0.5,call,120.0,22.38575804252304,22.38575806341479,22.385758036477007,22.387613499206235
0.1,0.05,0.2,0.5,put,80.0,20.0,20.000083136565113,20.002805495902138,20.0
0.1,0.05,0.2,0.5,put,90.0,10.578747469115536,10.588005846413171,10.590867539301641,10.53678025776458
0.1,0.05,0.2,0.5,put,100.0,4.585000565741616,4.587513292111132,4.587539042880065,4.596025404059973
0.1,0.05,0.2,0.5,put,110.0,1.6364119803370292,1.6375807462424814,1.6376301490131104,1.6676839926368294
0.1,0.05,0.2,0.5,put,120.0,0.48714840636719137,0.48759804431502146,0.4875907061558824,0.5106084279447599
0.1,0.05,0.2,1.0,call,80.0,1.7687347194343839,1.7687347202896397,1.7687347186346467,1.7704425599839613
0.1,0.05,0.2,1.0,call,90.0,4.842922239116637,4.842922251570645,4.842922228081142,4.84660894054907
0.1,0.05,0.2,1.0,call,100.0,9.940923363565021,9.94092347162762,9.940923282988225,9.948247753863292
0.1,0.05,0.2,1.0,call,110.0,16.80166326551811,16.801663912165857,16.801662940968892,16.81521738701136
0.1,0.05,0.2,1.0,call,120.0,24.893464115018087,24.89346713718328,24.89346365004901,24.91695425698346
0.1,0.05,0.2,1.0,put,80.0,20.0,20.000255082607058,20.004880516789353,20.0
0.1,0.05,0.2,1.0,put,90.0,11.308015598402893,11.313414094170573,11.313413961228028,11.276025286385158
0.1,0.05,0.2,1.0,put,100.0,5.9253629381523,5.929306754121003,5.9291137488908685,5.970604621509181
0.1,0.05,0.2,1.0,put,110.0,2.886257989097286,2.888446395605972,2.8882449719295273,2.960968262412214
0.1,0.05,0.2,1.0,put,120.0,1.3156860822213927,1.3168652271209758,1.3166860240893457,1.3834876357375352
0.1,0.05,0.2,3.0,call,80.0,7.434382945961778,7.4344008297564566,7.43425477502661,7.561770833811613
0.1,0.05,0.2,3.0,call,90.0,12.206273009107573,12.206325773112125,12.20601730991416,12.398143930834891
0.1,0.05,0.2,3.0,call,100.0,18.036449939338294,18.036576090734144,18.036070010267913,18.30852166763122
0.1,0.05,0.2,3.0,call,110.0,24.709252203779698,24.70950965026977,24.708849867515788,25.07500428469822
0.1,0.05,0.2,3.0,call,120.0,32.022380646448106,32.02284628542884,32.02217205432209,32.491069695975554
0.1,0.05,0.2,3.0,put,80.0,20.003064802873702,20.0,20.0,20.05489214061359
0.1,0.05,0.2,3.0,put,90.0,12.725044227758865,12.739670074303005,12.681354546737166,12.821450534603176
0.1,0.05,0.2,3.0,put,100.0,8.15456731890107,8.173460469611312,8.144116318140433,8.336359250154533
0.1,0.05,0.2,3.0,put,110.0,5.2386438657973216,5.250336329495461,5.233847296911121,5.463496450476432
0.1,0.05,0.2,3.0,put,120.0,3.368668559650182,3.3759372979017144,3.3632600559668258,3.5970967312948696
0.1,0.05,0.4,0.5,call,80.0,3.458777216368002,3.4587773120755045,3.458777229322145,3.462016470958292
0.1,0.05,0.4,0.5,call,90.0,7.021676640448211,7.021677104105697,7.021676780332529,7.027624808951447
0.1,0.05,0.4,0.5,call,100.0,12.079646581962491,12.079648304174226,12.079647375127715,12.08976268951952
0.1,0.05,0.4,0.5,call,110.0,18.469659980608256,18.46966521303306,18.469663118716102,18.48571802881605
0.1,0.05,0.4,0.5,call,120.0,25.92552276416102,25.925536366847908,25.925532459222104,25.949437779843777
0.1,0.05,0.4,0.5,put,80.0,21.569573250457054,21.589335289752356,21.59020449408363,21.51973754354677
0.1,0.05,0.4,0.5,put,90.0,14.922521654408145,14.928292690713715,14.92809351312926,14.90862320511969
0.1,0.05,0.4,0.5,put,100.0,9.972682484373234,9.97601853257773,9.97576762700297,9.995356562917165
0.1,0.05,0.4,0.5,put,110.0,6.469983134922342,6.472336620066137,6.4721264959403495,6.510834082561662
0.1,0.05,0.4,0.5,put,120.0,4.095479944555833,4.097146717143256,4.096949675841882,4.1409621337920886
0.1,0.05,0.4,1.0,call,80.0,7.210516597636026,7.210523250956237,7.2105195154494925,7.242993911901224
0.1,0.05,0.4,1.0,call,90.0,11.657394366611058,11.65741123944439,11.657403870078149,11.706153591892349
0.1,0.05,0.4,1.0,call,100.0,17.155750800303625,17.155787399274786,17.155775028822553,17.224483285803988
0.1,0.05,0.4,1.0,call,110.0,23.558723195176174,23.55879365065784,23.558775404602294,23.650479752486607
0.1,0.05,0.4,1.0,call,120.0,30.706897163788963,30.707020949423473,30.706996796504942,30.823683912463597
0.1,0.05,0.4,1.0,put,80.0,23.431604724486903,23.44231151063726,23.442191610420622,23.422513125455655
0.1,0.05,0.4,1.0,put,90.0,17.687798466647724,17.695828479714624,17.695287269308597,17.744501617679706
0.1,0.05,0.4,1.0,put,100.0,13.249992126727058,13.256406758751043,13.255756198205308,13.353090429876136
0.1,0.05,0.4,1.0,put,110.0,9.86674366882723,9.871818468634537,9.871131872879793,9.994227294423883
0.1,0.05,0.4,1.0,put,120.0,7.315705010379091,7.3196853290495945,7.3190044905240565,7.451367133577355
0.1,0.05,0.4,3.0,call,80.0,17.027241429807603,17.028133207954372,17.027351319050965,17.50325280713439
0.1,0.05,0.4,3.0,call,90.0,22.539652817314117,22.541036511897452,22.540416193773858,23.120691542802263
0.1,0.05,0.4,3.0,call,100.0,28.59567468360059,28.59767885256323,28.597382885815918,29.28050986917304
0.1,0.05,0.4,3.0,call,110.0,35.11666698501996,35.11941606256955,35.119560958313414,35.90107325088098
0.1,0.05,0.4,3.0,call,120.0,42.036003508813856,42.03961084626271,42.04023506234336,42.913221258894296
0.1,0.05,0.4,3.0,put,80.0,27.38873192996129,27.40715814254548,27.329608711861347,27.747717011900214
0.1,0.05,0.4,3.0,put,90.0,22.88195869348148,22.91011502262608,22.85693167345078,23.34980311542985
0.1,0.05,0.4,3.0,put,100.0,19.260035088446497,19.28775882737352,19.24910090954004,19.801699721914748
0.1,0.05,0.4,3.0,put,110.0,16.314689751851414,16.339551646966704,16.30808923520785,16.90116928767787
0.1,0.05,0.4,3.0,put,120.0,13.89686546646914,13.918516427613376,13.890057857932172,14.506113552518597
0.1,0.05,0.6,0.5,call,80.0,7.5247493727888966,7.524755396824387,7.524774353968352,7.540698438896263
0.1,0.05,0.6,0.5,call,90.0,11.964562730283737,11.964576945794633,11.964613896602723,11.988111380735853
0.1,0.05,0.6,0.5,call,100.0,17.421448348109926,17.421477757825024,17.421538544650762,17.454103729061273
0.1,0.05,0.6,0.5,call,110.0,23.764388966592772,23.76444413458249,23.764531094969495,23.80730358337354
0.1,0.05,0.6,0.5,call,120.0,30.849541307771588,30.84963770242407,30.849747977942076,30.903361624522585
0.1,0.05,0.6,0.5,put,80.0,25.383298784924126,25.39548008049324,25.395227203087614,25.36365532283611
0.1,0.05,0.6,0.5,put,90.0,19.807723658109946,19.81800562812172,19.81762652555667,19.8254518975778
0.1,0.05,0.6,0.5,put,100.0,15.341189575764112,15.349071659769686,15.348709517024975,15.383308407933443
0.1,0.05,0.6,0.5,put,110.0,11.815905456823817,11.821638894264614,11.82130088877225,11.871568401217468
0.1,0.05,0.6,0.5,put,120.0,9.065324675691192,9.06940991836311,9.069082961071816,9.126968042550287
0.1,0.05,0.6,1.0,call,80.0,13.258912161588563,13.258979103665046,13.259022429329395,13.34688623320091
0.1,0.05,0.6,1.0,call,90.0,18.45574684348782,18.455865269374534,18.455920238795706,18.568459846522032
0.1,0.05,0.6,1.0,call,100.0,24.349520549943325,24.349714475823177,24.349779968518625,24.487765121503486
0.1,0.05,0.6,1.0,call,110.0,30.842502347726736,30.842800781725206,30.842875755439433,31.006079946255547
0.1,0.05,0.6,1.0,call,120.0,37.845351085308685,37.8457877892135,37.845871515686795,38.03314677627339
0.1,0.05,0.6,1.0,put,80.0,29.203250481134894,29.213660050679238,29.213026616259388,29.285362682110062
0.1,0.05,0.6,1.0,put,90.0,24.458746555230316,24.466697538299176,24.465909839749198,24.588732759410878
0.1,0.05,0.6,1.0,put,100.0,20.522466896474626,20.528875153824632,20.528006204659945,20.685560683438194
0.1,0.05,0.6,1.0,put,110.0,17.255318762425127,17.26074441006857,17.259830227743116,17.43912217667456
0.1,0.05,0.6,1.0,put,120.0,14.541127569619329,14.545862576034333,14.544928358414971,14.736158559200469
0.1,0.05,0.6,3.0,call,80.0,26.375406604788658,26.377882312942628,26.374607278525108,27.122574364176803
0.1,0.05,0.6,3.0,call,90.0,32.56381688185918,32.56719940163055,32.5643677639131,33.41987825622914
0.1,0.05,0.6,3.0,call,100.0,39.10563426227687,39.110035036478166,39.1077877225861,40.064572764132194
0.1,0.05,0.6,3.0,call,110.0,45.95279744854819,45.958302189489295,45.956670337507816,47.007648602266244
0.1,0.05,0.6,3.0,call,120.0,53.06611304776115,53.07277811936563,53.071681699115835,54.20925671629449
0.1,0.05,0.6,3.0,put,80.0,36.62872523797147,36.64298727956307,36.573863931035284,37.337458243930925
0.1,0.05,0.6,3.0,put,90.0,33.10122780806981,33.11968859667503,33.065025945049754,33.90481178730414
0.1,0.05,0.6,3.0,put,100.0,30.08287602344343,30.10272398327056,30.056822847087734,30.956399984508884
0.1,0.05,0.6,3.0,put,110.0,27.471533500250775,27.49160398315329,27.450577880949083,28.39541529477149
0.1,0.05,0.6,3.0,put,120.0,25.19170281952959,25.211485886692017,25.172863582601366,26.150725821368777
0.05,0.1,0.2,0.5,call,80.0,0.20013526983560123,0.20032399237899146,0.20026034841857163,0.21401624505771494
0.05,0.1,0.2,0.5,call,90.0,1.298451453179021,1.2992957223423716,1.2991433855854344,1.3250385286742292
0.05,0.1,0.2,0.5,call,100.0,4.585034598757685,4.587513292111103,4.587332158848899,4.593275479462186
0.05,0.1,0.2,0.5,call,110.0,10.858452067371141,10.87954144738732,10.878225552988708,10.823051313453952
0.05,0.1,0.2,0.5,call,120.0,20.0,20.000168581602136,20.0,20.0
0.05,0.1,0.2,0.5,put,80.0,21.627078771229773,21.62707882641736,21.627078768642427,21.629178348403954
0.05,0.1,0.2,0.5,put,90.0,13.165238144604741,13.165238146291399,13.165238143871965,13.166016122372216
0.05,0.1,0.2,0.5,put,100.0,6.71864526887009,6.718645268917016,6.718645268837587,6.71896429289303
0.05,0.1,0.2,0.5,put,110.0,2.8347102891022717,2.834710289103616,2.8347102891012765,2.8348526856880105
0.05,0.1,0.2,0.5,put,120.0,0.9973667627525221,0.9973667627525672,0.9973667627524962,0.9974349451908894
0.05,0.1,0.2,1.0,call,80.0,0.6952566436156686,0.6959502279887211,0.6958243461102869,0.7396889454513965
0.05,0.1,0.2,1.0,call,90.0,2.38789590443701,2.3897577840619593,2.3895769749150753,2.4492586194495742
0.05,0.1,0.2,1.0,call,100.0,5.924626128194404,5.929306754120566,5.92911373392903,5.960009515147485
0.05,0.1,0.2,1.0,call,110.0,11.759571864982952,11.771068184899796,11.770972177599468,11.724854365949312
0.05,0.1,0.2,1.0,call,120.0,20.0456759504568,20.052237841066535,20.06074968853082,20.018758995926326
0.05,0.1,0.2,1.0,put,80.0,23.390747817705506,23.390752492262624,23.390748538639247,23.413644278808626
0.05,0.1,0.2,1.0,put,90.0,15.885161326637144,15.88516217385919,15.885161304739666,15.897397055873185
0.05,0.1,0.2,1.0,put,100.0,9.940923327752685,9.94092347162766,9.94092330991613,9.947756028025355
0.05,0.1,0.2,1.0,put,110.0,5.74551231632504,5.745512339638694,5.745512312024097,5.7495206626624595
0.05,0.1,0.2,1.0,put,120.0,3.0890964440814273,3.0890964477706686,3.089096443250553,3.0915557456065073
0.05,0.1,0.2,3.0,call,80.0,2.1611470755940574,2.1663614566885827,2.1567321172232568,2.3049628655430077
0.05,0.1,0.2,3.0,call,90.0,4.480915108804085,4.49883839171407,4.484675763613043,4.64108484711027
0.05,0.1,0.2,3.0,call,100.0,8.11966634206257,8.173460469611452,8.144894376819428,8.266417409443239
0.05,0.1,0.2,3.0,call,110.0,13.339512818296264,13.458882057737767,13.400136362367832,13.478867696486132
0.05,0.1,0.2,3.0,call,120.0,20.39069720224713,20.557419322039983,20.484214088160748,20.621519638815247
0.05,0.1,0.2,3.0,put,80.0,28.692945938868306,28.693310004483436,28.692871654302447,29.063006093329417
0.05,0.1,0.2,3.0,put,90.0,22.94429056630413,22.944468028206437,22.94390044427723,23.243548969030016
0.05,0.1,0.2,3.0,put,100.0,18.036487319251446,18.036576090734094,18.036092561819203,18.274983756943325
0.05,0.1,0.2,3.0,put,110.0,13.965305399566844,13.965349465073782,13.965004478863206,14.155272828925117
0.05,0.1,0.2,3.0,put,120.0,10.674008639251145,10.674030418922971,10.673806291764755,10.826285822209261
0.05,0.1,0.4,0.5,call,80.0,2.5866644700885426,2.5877659099899333,2.5874839616729495,2.6208777397307745
0.05,0.1,0.4,0.5,call,90.0,5.540197644688884,5.542780280144457,5.542417962045081,5.5758826802599595
0.05,0.1,0.4,0.5,call,100.0,9.96768834420678,9.976018532578685,9.975616813822958,9.99160128980573
0.05,0.1,0.4,0.5,call,110.0,15.821432305777524,15.851663818392034,15.851245880734236,15.82988442747918
0.05,0.1,0.4,0.5,call,120.0,22.907484520013956,23.0016070988666,23.00107271631596,22.930947826035638
0.05,0.1,0.4,0.5,put,80.0,23.972150528815845,23.97217130788631,23.972166915147,23.99443009626335
0.05,0.1,0.4,0.5,put,90.0,17.325622587308825,17.325628946553543,17.325626744956615,17.340385772146558
0.05,0.1,0.4,0.5,put,100.0,12.079646277307956,12.079648304174196,12.079647309470916,12.08948040149368
0.05,0.1,0.4,0.5,put,110.0,8.163046608358558,8.163047287528409,8.16304686630366,8.16972619858526
0.05,0.1,0.4,0.5,put,120.0,5.373463102013153,5.373463338331183,5.373463166488426,5.378110961570635
0.05,0.1,0.4,1.0,call,80.0,5.034689699912199,5.03646506639393,5.035932154422029,5.133150868985099
0.05,0.1,0.4,1.0,call,90.0,8.593123329452162,8.595797995176895,8.595179263086733,8.694911610795566
0.05,0.1,0.4,1.0,call,100.0,13.252576054261162,13.256406758751162,13.255756452557891,13.336613094312911
0.05,0.1,0.4,1.0,call,110.0,18.96113051964834,18.96643684552938,18.9658248034785,19.00577110885074
0.05,0.1,0.4,1.0,call,120.0,25.630500328186976,25.63792508790656,25.63751591778812,25.620350638332102
0.05,0.1,0.4,1.0,put,80.0,27.610401880416138,27.610590482333468,27.61057596383493,27.709382678391
0.05,0.1,0.4,1.0,put,90.0,21.88710497203935,21.887201719148447,21.887191019702687,21.968195310810653
0.05,0.1,0.4,1.0,put,100.0,17.155735690182986,17.15578739927483,17.155779841593006,17.221204429493074
0.05,0.1,0.4,1.0,put,110.0,13.327344866936508,13.327373401348412,13.32736819271841,13.380083798751441
0.05,0.1,0.4,1.0,put,120.0,10.28216969231441,10.282185812217072,10.282182279670229,10.324830312885053
0.05,0.1,0.4,3.0,call,80.0,10.288138798472778,10.296240929378694,10.27338024817972,10.675203647080666
0.05,0.1,0.4,3.0,call,90.0,14.430866467251235,14.44211497082399,14.414637236234281,14.832558841235949
0.05,0.1,0.4,3.0,call,100.0,19.272920354540954,19.287758827373217,19.251169988199056,19.662466153602672
0.05,0.1,0.4,3.0,call,110.0,24.785446673875324,24.8029634323095,24.75081694703408,25.138312755327473
0.05,0.1,0.4,3.0,call,120.0,30.9391189666933,30.954874671597224,30.880458000121507,31.235589814467097
0.05,0.1,0.4,3.0,put,80.0,36.50187707195506,36.505077026124724,36.506069716761495,37.14352007012178
0.05,0.1,0.4,3.0,put,90.0,32.28055323703406,32.28278177093186,32.28333047815816,32.90640987487215
0.05,0.1,0.4,3.0,put,100.0,28.59613700534382,28.59767885256327,28.597763015516158,29.196341165620854
0.05,0.1,0.4,3.0,put,110.0,25.376410379322685,25.377485701631656,25.377194191978216,25.9463469988407
0.05,0.1,0.4,3.0,put,120.0,22.559232927803173,22.559994911903416,22.55943675975348,23.09732447881838
0.05,0.1,0.6,0.5,call,80.0,6.344844830682784,6.348608514476906,6.348100202963868,6.393412735495966
0.05,0.1,0.6,0.5,call,90.0,10.325336558717588,10.33244190985905,10.331848358759789,10.37487892488246
0.05,0.1,0.6,0.5,call,100.0,15.33748696860876,15.349071659768939,15.348435460886998,15.378636232805665
0.05,0.1,0.6,0.5,call,110.0,21.288683817761093,21.30520416928465,21.30455535495124,21.310839127199262
0.05,0.1,0.6,0.5,call,120.0,28.063166817638297,28.08409308700707,28.083416870025175,28.056232647498053
0.05,0.1,0.6,0.5,put,80.0,27.701529162326814,27.701674476306046,27.701760401925217,27.747811465762744
0.05,0.1,0.6,0.5,put,90.0,22.06582006894934,22.065886711376105,22.065962072059442,22.104517626743757
0.05,0.1,0.6,0.5,put,100.0,17.42144280382015,17.42147775782493,17.42153545628435,17.45326494449404
0.05,0.1,0.6,0.5,put,110.0,13.662414132953694,13.662433508053333,13.662474569454005,13.688464247178228
0.05,0.1,0.6,0.5,put,120.0,10.66198643892217,10.661997469103875,10.662025508827888,10.68335399279105
0.05,0.1,0.6,1.0,call,80.0,10.688426295551555,10.691972094766138,10.691222795085373,10.832686712275024
0.05,0.1,0.6,1.0,call,90.0,15.23513325106595,15.240328647580967,15.239502925995344,15.384624100030166
0.05,0.1,0.6,1.0,call,100.0,20.520841413543863,20.528875153824416,20.52800628872197,20.663873830258783
0.05,0.1,0.6,1.0,call,110.0,26.472219382044152,26.48530964866126,26.48443290388197,26.59821719892458
0.05,0.1,0.6,1.0,call,120.0,33.016409678557416,33.03811351460188,33.03727571207273,33.11749296615922
0.05,0.1,0.6,1.0,put,80.0,33.21038495829237,33.21081421564359,33.21084867132822,33.36110911164491
0.05,0.1,0.6,1.0,put,90.0,28.437257608537678,28.437537183058737,28.437553649842243,28.579151491356882
0.05,0.1,0.6,1.0,put,100.0,24.349529702508526,24.34971447582314,24.349723393315273,24.480718638036144
0.05,0.1,0.6,1.0,put,110.0,20.860693070923453,20.860817506437076,20.860824727677155,20.98081894045205
0.05,0.1,0.6,1.0,put,120.0,17.889045091039545,17.88913060065391,17.889138521262144,17.998514959155834
0.05,0.1,0.6,3.0,call,80.0,19.31107926063117,19.34173385443874,19.310616488416876,19.95383192527024
0.05,0.1,0.6,3.0,call,90.0,24.46031577438118,24.50077825745967,24.465078583374154,25.143746674106332
0.05,0.1,0.6,3.0,call,100.0,30.052131251650593,30.102723983270412,30.059914735208594,30.75819099643846
0.05,0.1,0.6,3.0,call,110.0,36.04878358342823,36.1088572083014,36.05572984017306,36.760168905774776
0.05,0.1,0.6,3.0,call,120.0,42.41791070994876,42.48563909712643,42.418671800778405,43.11858776439829
0.05,0.1,0.6,3.0,put,80.0,45.37032001394036,45.37562408020811,45.37586389623715,46.18103974464785
0.05,0.1,0.6,3.0,put,90.0,42.05856629170282,42.0626679060535,42.062569534224856,42.882940314506996
0.05,0.1,0.6,3.0,put,100.0,39.106796926264295,39.11003503647812,39.10931909342808,39.93470377665125
0.05,0.1,0.6,3.0,put,110.0,36.460392745320824,36.46300906582693,36.46160658252669,37.28499230475296
0.05,0.1,0.6,3.0,put,120.0,34.07580391997333,34.07796478790286,34.07590829456877,34.892465521653556
