r,q,sigma,T,kind,S,oracle,spread,ppa,spiral,baw
0.05,0.05,0.2,0.5,call,80.0,0.30200801113809195,0.0,0.3020058231124372,0.30199645655553126,0.3047173021426049
0.05,0.05,0.2,0.5,call,90.0,1.7338035433334564,0.0,1.7337423797464782,1.7337122265759195,1.7399299047215815
0.05,0.05,0.2,0.5,call,100.0,5.524835061893251,0.0,5.524982164315523,5.524930079454252,5.5322664720074535
0.05,0.05,0.2,0.5,call,110.0,12.00550759619456,0.0,12.00545682073755,12.005397055578678,12.003593935539365
0.05,0.05,0.2,0.5,call,120.0,20.464747453279134,0.0,20.464585964961135,20.464500918860246,20.444339983329932
0.05,0.05,0.2,0.5,put,80.0,20.116668931841964,0.0,20.116743554741863,20.116511080455346,20.097810394766906
0.05,0.05,0.2,0.5,put,90.0,11.57899815157959,0.0,11.57904329263392,11.578986787249116,11.575719022484671
0.05,0.05,0.2,0.5,put,100.0,5.5247122070737635,0.0,5.52498216431451,5.524922276877629,5.5322664720074535
0.05,0.05,0.2,0.5,put,110.0,2.1631652781128627,0.0,2.163261652865782,2.163221832142852,2.170401960230886
0.05,0.05,0.2,0.5,put,120.0,0.7040633881940483,0.0,0.7040752402445138,0.7040556906704579,0.708603003866963
0.05,0.05,0.2,1.0,call,80.0,1.1338860687029593,0.0,1.1339789443978923,1.1339403298319077,1.1488314489964255
0.05,0.05,0.2,1.0,call,90.0,3.440687858173308,0.0,3.440536258314493,3.440462757191497,3.465294607761308
0.05,0.05,0.2,1.0,call,100.0,7.6625860732232525,0.0,7.662776169127557,7.662672403294312,7.692109903535026
0.05,0.05,0.2,1.0,call,110.0,13.814390884948498,0.0,13.8141437945066,13.814028389416569,13.834080161710563
0.05,0.05,0.2,1.0,call,120.0,21.539010944490283,0.0,21.53875171612552,21.538609083041294,21.533481263289758
0.05,0.05,0.2,1.0,put,80.0,20.67860716090575,0.0,20.678811598438614,20.678579973722382,20.663041324735172
0.05,0.05,0.2,1.0,put,90.0,13.142716740994178,0.0,13.142772792597027,13.142718699431574,13.158809134905841
0.05,0.05,0.2,1.0,put,100.0,7.662344004698369,0.0,7.662776169127413,7.662722162829529,7.692109903535025
0.05,0.05,0.2,1.0,put,110.0,4.1154376714182,0.0,4.115474975371964,4.11543036759347,4.143559516354579
0.05,0.05,0.2,1.0,put,120.0,2.0546647183559976,0.0,2.054758460448121,2.054724401821023,2.0766227422674914
0.05,0.05,0.2,3.0,call,80.0,4.264125017998481,0.0,4.2641687451715145,4.263897240572512,4.401635698404056
0.05,0.05,0.2,3.0,call,90.0,7.7150281450878975,0.0,7.7147711764384335,7.714408175071989,7.892778288954831
0.05,0.05,0.2,3.0,call,100.0,12.363197853658388,0.0,12.36335872168442,12.3629441564276,12.566132223444361
0.05,0.05,0.2,3.0,call,110.0,18.14167751737981,0.0,18.140867923417353,18.140676208227312,18.34384113872691
0.05,0.05,0.2,3.0,call,120.0,24.93396047330156,0.0,24.930565609893673,24.93265274635982,25.107264474530922
0.05,0.05,0.2,3.0,put,80.0,22.935965405876146,0.0,22.93110356487381,22.93594717220263,23.056375467867255
0.05,0.05,0.2,3.0,put,90.0,16.96293710055789,0.0,16.962889925185088,16.962774830520992,17.144054951963945
0.05,0.05,0.2,3.0,put,100.0,12.362506071703587,0.0,12.36335872168496,12.362920660333797,12.566132223444361
0.05,0.05,0.2,3.0,put,110.0,8.89687668444231,0.0,8.897213424640817,8.896783007253598,9.096392035688282
0.05,0.05,0.2,3.0,put,120.0,6.336197387977604,0.0,6.33642036913989,6.3360339870004925,6.51887849615857
0.05,0.05,0.4,0.5,call,80.0,3.0152348859124602,0.0,3.015103901317474,3.015040632011665,3.0264344465635915
0.05,0.05,0.4,0.5,call,90.0,6.276736480088205,0.0,6.276417110167227,6.276320895826162,6.29105263449311
0.05,0.05,0.4,0.5,call,100.0,11.022473481132735,0.0,11.0226227429201,11.022498756175322,11.037348813051397
0.05,0.05,0.4,0.5,call,110.0,17.143763660817605,0.0,17.14364565064355,17.143504116882283,17.153164148166553
0.05,0.05,0.4,0.5,call,120.0,24.409185399104615,0.0,24.408784598096332,24.408637466750715,24.406832778736785
0.05,0.05,0.4,0.5,put,80.0,22.710309713144788,0.0,22.710561193419817,22.710463079892648,22.70270271442445
0.05,0.05,0.4,0.5,put,90.0,16.10912750665603,0.0,16.109252605574035,16.10914474874868,16.11695195172489
0.05,0.05,0.4,0.5,put,100.0,11.02198204934226,0.0,11.02262274291898,11.02251802206608,11.03734881305139
0.05,0.05,0.4,0.5,put,110.0,7.311142204190945,0.0,7.311577962812496,7.311485253464204,7.3278712367324275
0.05,0.05,0.4,0.5,put,120.0,4.725937761821056,0.0,4.726144504552173,4.72606766564837,4.741315814860847
0.05,0.05,0.4,1.0,call,80.0,6.12577584663848,0.0,6.125903776725941,6.125840266382881,6.171659740084363
0.05,0.05,0.4,1.0,call,90.0,10.15065499196148,0.0,10.15029013895791,10.150210803785184,10.205365438004524
0.05,0.05,0.4,1.0,call,100.0,15.250514024976441,0.0,15.25059015145991,15.250496110226905,15.309704751006278
0.05,0.05,0.4,1.0,call,110.0,21.31652789249482,0.0,21.315660477748324,21.315555755838833,21.371642189326348
0.05,0.05,0.4,1.0,call,120.0,28.20963070723898,0.0,28.20857964539996,28.20846798178592,28.253414144625783
0.05,0.05,0.4,1.0,put,80.0,25.53676302101178,0.0,25.537595223616485,25.537150115927975,25.566667090362763
0.05,0.05,0.4,1.0,put,90.0,19.838423132479456,0.0,19.838916019659884,19.838321545806824,19.888544277694663
0.05,0.05,0.4,1.0,put,100.0,15.249545648740483,0.0,15.250590151459992,15.249918699608052,15.309704751006281
0.05,0.05,0.4,1.0,put,110.0,11.627719042138649,0.0,11.62792656580597,11.627271515934886,11.689191384369966
0.05,0.05,0.4,1.0,put,120.0,8.811528644751712,0.0,8.811670746412425,8.811085320283594,8.87083020337222
0.05,0.05,0.4,3.0,call,80.0,13.893340003965879,0.0,13.89228755247355,13.891571113717754,14.218450879636684
0.05,0.05,0.4,3.0,call,90.0,18.831409028710663,0.0,18.83036407437185,18.829547460693437,19.199851329744885
0.05,0.05,0.4,3.0,call,100.0,24.3825891660561,0.0,24.381912083464222,24.38103704508107,24.783118961442547
0.05,0.05,0.4,3.0,call,110.0,30.481033299437144,0.0,30.4792390489388,30.47841198859746,30.899322119758818
0.05,0.05,0.4,3.0,call,120.0,37.06385477208231,0.0,37.06104239104854,37.06054703598658,37.48688263996347
0.05,0.05,0.4,3.0,put,80.0,32.41286472059818,0.0,32.41312064518741,32.413087219026814,32.75229849052062
0.05,0.05,0.4,3.0,put,90.0,28.067709829880616,0.0,28.06891104598921,28.068258056006584,28.448140915832482
0.05,0.05,0.4,3.0,put,100.0,24.37981941244781,0.0,24.3819120834637,24.381118961461983,24.783118961442554
0.05,0.05,0.4,3.0,put,110.0,21.240303418398494,0.0,21.24183197277156,21.241009146078348,21.651995670154434
0.05,0.05,0.4,3.0,put,120.0,18.55765675327578,0.0,18.55891921036607,18.558099337778625,18.96905087290619
0.05,0.05,0.6,0.5,call,80.0,6.971594386145183,0.0,6.97102443923697,6.970911578111337,6.990767716029617
0.05,0.05,0.6,0.5,call,90.0,11.205410187383425,0.0,11.205180809667425,11.205036318556497,11.227670259628402
0.05,0.05,0.6,0.5,call,100.0,16.466004090333783,0.0,16.465988798326606,16.465817305200037,16.488460990081066
0.05,0.05,0.6,0.5,call,110.0,22.637680506394407,0.0,22.637333207270164,22.637140492942763,22.656241693899023
0.05,0.05,0.6,0.5,call,120.0,29.585742674418874,0.0,29.58474349212898,29.584535772589795,29.596159909616688
0.05,0.05,0.6,0.5,put,80.0,26.64577039004956,0.0,26.646089610905626,26.64590077865004,26.65105210021905
0.05,0.05,0.6,0.5,put,90.0,21.035339025169637,0.0,21.03609496494293,21.03590221124429,21.05254039307808
0.05,0.05,0.6,0.5,put,100.0,16.464898321946002,0.0,16.46598879832764,16.4658020671927,16.488460990081066
0.05,0.05,0.6,0.5,put,110.0,12.805879042694698,0.0,12.806762386554432,12.806587890320532,12.83164035065018
0.05,0.05,0.6,0.5,put,120.0,9.915014928192484,0.0,9.915355472681158,9.915196764000783,9.940440128082898
0.05,0.05,0.6,1.0,call,80.0,12.115841990639424,0.0,12.114847434478845,12.11470498470978,12.189945449341918
0.05,0.05,0.6,1.0,call,90.0,17.043841697539847,0.0,17.043064507092357,17.042896626136436,17.127580642301467
0.05,0.05,0.6,1.0,call,100.0,22.69111298361931,0.0,22.690710834161322,22.690520130062282,22.780419934362858
0.05,0.05,0.6,1.0,call,110.0,28.969292317469616,0.0,28.96813946251885,28.967929681895896,29.058218745138063
0.05,0.05,0.6,1.0,call,120.0,35.79279542789837,0.0,35.790587408677,35.79036261737857,35.87597711314834
0.05,0.05,0.6,1.0,put,80.0,31.50480949307729,0.0,31.50554390149426,31.505367026613076,31.57047525585163
0.05,0.05,0.6,1.0,put,90.0,26.72951055182265,0.0,26.730676942191653,26.730487514861963,26.811505146904278
0.05,0.05,0.6,1.0,put,100.0,22.6889337554487,0.0,22.6907108341614,22.690516357425714,22.780419934362858
0.05,0.05,0.6,1.0,put,110.0,19.27965090502756,0.0,19.28092921302259,19.280735763102854,19.374621151151956
0.05,0.05,0.6,1.0,put,120.0,16.406090201168958,0.0,16.406518683483366,16.40632994967291,16.50090398575049
0.05,0.05,0.6,3.0,call,80.0,23.66963085474964,0.0,23.666676217595576,23.66566626625239,24.16343888976644
0.05,0.05,0.6,3.0,call,90.0,29.51259146044497,0.0,29.50889933165311,29.50779065341777,30.056936821205326
0.05,0.05,0.6,3.0,call,100.0,35.74376454411466,0.0,35.74096750165192,35.739797800964105,36.3313382440387
0.05,0.05,0.6,3.0,call,110.0,42.31924856843085,0.0,42.31506360084899,42.31390145924816,42.938774269876184
0.05,0.05,0.6,3.0,call,120.0,49.19670111003618,0.0,49.191330033066414,49.19030118972064,49.83959626908214
0.05,0.05,0.6,3.0,put,80.0,42.18421765899852,0.0,42.185688291259574,42.184977652895,42.711585871470554
0.05,0.05,0.6,3.0,put,90.0,38.75663140241262,0.0,38.75834997783175,38.75731356230649,39.32253019660011
0.05,0.05,0.6,3.0,put,100.0,35.73752291349167,0.0,35.74096750165195,35.73980242952286,36.331338244038704
0.05,0.05,0.6,3.0,put,110.0,33.063185750666186,0.0,33.06613717219551,33.06491486916648,33.67362142514085
0.05,0.05,0.6,3.0,put,120.0,30.67821502764449,0.0,30.680920137645522,30.67967093734346,31.298717911438
0.07,0.03,0.2,0.5,call,80.0,0.4165153216057789,0.0,0.41652364469641867,0.4165236446964063,0.4165289166667029
0.07,0.03,0.2,0.5,call,90.0,2.19133507174098,0.0,2.1912966920095216,2.1912966920094945,2.191313023946513
0.07,0.03,0.2,0.5,call,100.0,6.528196827279194,0.0,6.528413675897632,6.52841367589754,6.528458582482814
0.07,0.03,0.2,0.5,call,110.0,13.49153123548183,0.0,13.49160185306165,13.491601853056471,13.491713972018891
0.07,0.03,0.2,0.5,call,120.0,22.169660481849526,0.0,22.169677147623474,22.169677147492717,22.169935631684655
0.07,0.03,0.2,0.5,put,80.0,19.999899999979036,0.0,20.00009309918926,19.998805588387484,20.0
0.07,0.03,0.2,0.5,put,90.0,10.774705712415505,0.0,10.774929424960403,10.774334856429078,10.721309967516405
0.07,0.03,0.2,0.5,put,100.0,4.782597813220404,0.0,4.783255627228206,4.78284574966535,4.78382326278133
0.07,0.03,0.2,0.5,put,110.0,1.7435384846453261,0.0,1.744014128837648,1.743672090944501,1.7648601065302914
0.07,0.03,0.2,0.5,put,120.0,0.5292083316383154,0.0,0.5294313370153744,0.5292457084165744,0.5466175541100009
0.07,0.03,0.2,1.0,call,80.0,1.6550209235547468,0.0,1.6551660680366482,1.65516606802374,1.655512924715989
0.07,0.03,0.2,1.0,call,90.0,4.621801277551584,0.0,4.621687769433298,4.621687769143688,4.622452485028224
0.07,0.03,0.2,1.0,call,100.0,9.631417424880159,0.0,9.631724407055932,9.631724403509828,9.633275227037677
0.07,0.03,0.2,1.0,call,110.0,16.467246411130215,0.0,16.4671811915273,16.467181164287478,16.47011890948559
0.07,0.03,0.2,1.0,call,120.0,24.60705275898328,0.0,24.607063543517484,24.607063399064835,24.612315533943093
0.07,0.03,0.2,1.0,put,80.0,20.000002449197346,0.0,20.000127435771805,19.99495961574138,20.0
0.07,0.03,0.2,1.0,put,90.0,11.67652745540779,0.0,11.676915001697068,11.676061645950861,11.631443759580444
0.07,0.03,0.2,1.0,put,100.0,6.29457638081869,0.0,6.295526963486461,6.294778924976463,6.319274922428936
0.07,0.03,0.2,1.0,put,110.0,3.1402006371132662,0.0,3.140906868063099,3.1402033807333374,3.19379485947023
0.07,0.03,0.2,1.0,put,120.0,1.4617657490472955,0.0,1.4623421611251397,1.4618213297372213,1.5137170268040263
0.07,0.03,0.2,3.0,call,80.0,7.089702182828599,0.0,7.0898182297561405,7.089817543405159,7.133138669103675
0.07,0.03,0.2,3.0,call,90.0,11.837621576881801,0.0,11.837436589513386,11.837434767246002,11.904693615930647
0.07,0.03,0.2,3.0,call,100.0,17.723966533589063,0.0,17.724375416769902,17.724371502586038,17.823177977945893
0.07,0.03,0.2,3.0,call,110.0,24.53453241783805,0.0,24.53430267574308,24.53429553479195,24.672620931666597
0.07,0.03,0.2,3.0,call,120.0,32.05062158901401,0.0,32.050256150209584,32.05024467528749,32.235754654555
0.07,0.03,0.2,3.0,put,80.0,20.420470198523375,0.0,20.275348808150216,20.41986174613068,20.38334152025552
0.07,0.03,0.2,3.0,put,90.0,13.624515162187805,0.0,13.607366119175301,13.623892121664081,13.670504251522866
0.07,0.03,0.2,3.0,put,100.0,9.066383377284534,0.0,9.065986765619753,9.066198310251846,9.207703287703227
0.07,0.03,0.2,3.0,put,110.0,6.011150725779432,0.0,6.012239933390395,6.010841218556814,6.200780947506258
0.07,0.03,0.2,3.0,put,120.0,3.971862080199849,0.0,3.973013537726055,3.971597680685724,4.171768136079621
0.07,0.03,0.4,0.5,call,80.0,3.398589177805206,0.0,3.3984340277383716,3.398434021428277,3.399388556865764
0.07,0.03,0.4,0.5,call,90.0,6.93260799981878,0.0,6.93225763826811,6.932257605349779,6.934034499911421
0.07,0.03,0.4,0.5,call,100.0,11.971608849893606,0.0,11.971756330061657,11.971756205356872,11.97484059615212
0.07,0.03,0.4,0.5,call,110.0,18.361206153221676,0.0,18.361103391369742,18.36110302324317,18.36614445186351
0.07,0.03,0.4,0.5,call,120.0,25.836556265136466,0.0,25.836198618617686,25.836197728759206,25.844005187337043
0.07,0.03,0.4,0.5,put,80.0,21.87105404520596,0.0,21.87159066643917,21.87101272230677,21.80057351597817
0.07,0.03,0.4,0.5,put,90.0,15.229900204039598,0.0,15.2305483661826,15.229766819217495,15.202333828795089
0.07,0.03,0.4,0.5,put,100.0,10.238390569771823,0.0,10.239583487898772,10.238719277148341,10.243972512417061
0.07,0.03,0.4,0.5,put,110.0,6.677842348436839,0.0,6.678869328298504,6.678043051650071,6.700273551035874
0.07,0.03,0.4,0.5,put,120.0,4.24759206066939,0.0,4.248335722055754,4.2476217357111254,4.275824880729315
0.07,0.03,0.4,1.0,call,80.0,7.113885123664045,0.0,7.113957259905215,7.113956546312518,7.126424137826761
0.07,0.03,0.4,1.0,call,90.0,11.552443773298606,0.0,11.551983702350967,11.551982134458047,11.57118933813386
0.07,0.03,0.4,1.0,call,100.0,17.061025628693848,0.0,17.06105220043292,17.06104931860102,17.088969394403907
0.07,0.03,0.4,1.0,call,110.0,23.49655087981342,0.0,23.495613444266013,23.49560883014378,23.534216629123364
0.07,0.03,0.4,1.0,call,120.0,30.695444537225498,0.0,30.694368590588642,30.694361947958757,30.74546500455117
0.07,0.03,0.4,1.0,put,80.0,24.006627429668143,0.0,24.007907567608466,24.006929523117634,23.96568111318946
0.07,0.03,0.4,1.0,put,90.0,18.276051774385756,0.0,18.277328449967502,18.27627563744907,18.291044545887445
0.07,0.03,0.4,1.0,put,100.0,13.788474653131003,0.0,13.790334330994051,13.789176135685995,13.843881976136727
0.07,0.03,0.4,1.0,put,110.0,10.332087605599538,0.0,10.333303745647012,10.332121979374897,10.409659248392822
0.07,0.03,0.4,1.0,put,120.0,7.702906371456946,0.0,7.704051442231924,7.702918954054134,7.7904974699567155
0.07,0.03,0.4,3.0,call,80.0,17.199919929706752,0.0,17.198375967348845,17.198434214716826,17.443554622705058
0.07,0.03,0.4,3.0,call,90.0,22.831310246584213,0.0,22.82983338750442,22.829901819236508,23.13510271525059
0.07,0.03,0.4,3.0,call,100.0,29.02530434789223,0.0,29.024365492684684,29.024441686468222,29.391324406170227
0.07,0.03,0.4,3.0,call,110.0,35.69962941776059,0.0,35.697644988742795,35.69772739848687,36.12628601993454
0.07,0.03,0.4,3.0,call,120.0,42.78006003663677,0.0,42.7774629679288,42.777551444237034,43.26633419074137
0.07,0.03,0.4,3.0,put,80.0,28.905051285545596,0.0,28.89668356127564,28.90467364648387,29.140607018862017
0.07,0.03,0.4,3.0,put,90.0,24.448532781392633,0.0,24.448238381688377,24.448463437755297,24.77301796670084
0.07,0.03,0.4,3.0,put,100.0,20.792998338836366,0.0,20.79544493519307,20.793492237120066,21.180514530894754
0.07,0.03,0.4,3.0,put,110.0,17.771412143599814,0.0,17.77414031832951,17.771539417918948,18.198937295716654
0.07,0.03,0.4,3.0,put,120.0,15.256284624197308,0.0,15.259011141065132,15.256214025125974,15.706894986078256
0.07,0.03,0.6,0.5,call,80.0,7.481171398284398,0.0,7.4805164681216665,7.480520092719524,7.4870726576532975
0.07,0.03,0.6,0.5,call,90.0,11.917823281092774,0.0,11.917515876412835,11.917524345934504,11.927453712420123
0.07,0.03,0.6,0.5,call,100.0,17.380534523739293,0.0,17.3804530435703,17.380469656998418,17.394669063159736
0.07,0.03,0.6,0.5,call,110.0,23.739251173165584,0.0,23.73884173243962,23.738870013952493,23.758194551004525
0.07,0.03,0.6,0.5,call,120.0,30.849136158125773,0.0,30.8480765352134,30.848119250843926,30.87331058879501
0.07,0.03,0.6,0.5,put,80.0,25.766539644909322,0.0,25.76737191273941,25.766487087952857,25.72604454352904
0.07,0.03,0.6,0.5,put,90.0,20.172804470613045,0.0,20.17414682017139,20.17312090382195,20.16455978970455
0.07,0.03,0.6,0.5,put,100.0,15.667311396550238,0.0,15.66903003252335,15.667942672667502,15.68148137819896
0.07,0.03,0.6,0.5,put,110.0,12.096580076942939,0.0,12.098139144464286,12.097058568106204,12.12415025604178
0.07,0.03,0.6,0.5,put,120.0,9.301273620588201,0.0,9.302313271647096,9.301288240858081,9.335679551856307
0.07,0.03,0.6,1.0,call,80.0,13.25565571087029,0.0,13.254422925040656,13.254445156026947,13.297670397292487
0.07,0.03,0.6,1.0,call,90.0,18.48023928680916,0.0,18.479234026494726,18.479263422825216,18.535936216143018
0.07,0.03,0.6,1.0,call,100.0,24.41223678110712,0.0,24.411638768809723,24.411674171584313,24.482845001410166
0.07,0.03,0.6,1.0,call,110.0,30.953720152522937,0.0,30.95235063649015,30.952390496513946,31.038647343436747
0.07,0.03,0.6,1.0,call,120.0,38.01254012540821,0.0,38.01007535603066,38.010118383014735,38.111581180970994
0.07,0.03,0.6,1.0,put,80.0,29.947130253594345,0.0,29.9486960208424,29.94768341656022,29.97132489280465
0.07,0.03,0.6,1.0,put,90.0,25.181411162341433,0.0,25.18351175879959,25.182383316224527,25.24568364768364
0.07,0.03,0.6,1.0,put,100.0,21.200306050184835,0.0,21.203027657346123,21.201810524516656,21.293163062621566
0.07,0.03,0.6,1.0,put,110.0,17.878649061262475,0.0,17.881008429270803,17.879746029429256,17.989520655424574
0.07,0.03,0.6,1.0,put,120.0,15.106970674506488,0.0,15.108578915051108,15.107309039600219,15.228166222173678
0.07,0.03,0.6,3.0,call,80.0,27.014243073414953,0.0,27.01038721155603,27.009161909284767,27.434506233027477
0.07,0.03,0.6,3.0,call,90.0,33.36743590339907,0.0,33.3628047702703,33.36139500436291,33.85320256685946
0.07,0.03,0.6,3.0,call,100.0,40.07764356609137,0.0,40.074184878860365,40.072625362694275,40.62840517259077
0.07,0.03,0.6,3.0,call,110.0,47.098215377006525,0.0,47.09338971196015,47.091717418554204,47.7083539362805
0.07,0.03,0.6,3.0,call,120.0,54.384474478419186,0.0,54.3786471481975,54.376898641477396,55.05082324663123
0.07,0.03,0.6,3.0,put,80.0,38.6450040254226,0.0,38.64478567298465,38.645246050881646,39.153210721894865
0.07,0.03,0.6,3.0,put,90.0,35.142306952980334,0.0,35.14431129025516,35.14249335499938,35.721064150049905
0.07,0.03,0.6,3.0,put,100.0,32.10781549452378,0.0,32.11206157090912,32.1092775583416,32.74076862166392
0.07,0.03,0.6,3.0,put,110.0,29.457732285242706,0.0,29.462030459483273,29.458790390700123,30.129205080531957
0.07,0.03,0.6,3.0,put,120.0,27.124326870358313,0.0,27.128606395882265,27.12512811859997,27.82349987819867
0.03,0.07,0.2,0.5,call,80.0,0.21940035604353225,0.0,0.21950962852280478,0.2194097315973517,0.23000257942033378
0.03,0.07,0.2,0.5,call,90.0,1.3865357080030496,0.0,1.3868279276054951,1.3865343598048068,1.4049785574725608
0.03,0.07,0.2,0.5,call,100.0,4.78271275983594,0.0,4.783255627228222,4.782810548733862,4.782068892788123
0.03,0.07,0.2,0.5,call,110.0,11.098050075994363,0.0,11.098192955880714,11.097952527564033,11.040858014411834
0.03,0.07,0.2,0.5,call,120.0,20.000899139749105,0.0,20.000514255508733,20.00175900507805,20.0
0.03,0.07,0.2,0.5,put,80.0,21.477353769263807,0.0,21.477579449402505,21.477579448856073,21.477874765005094
0.03,0.07,0.2,0.5,put,90.0,12.951639825248416,0.0,12.951808590876652,12.951808590867776,12.951915231195047
0.03,0.07,0.2,0.5,put,100.0,6.528061161920261,0.0,6.528413675897676,6.528413675897513,6.528456547266757
0.03,0.07,0.2,0.5,put,110.0,2.715201382787132,0.0,2.715348458605965,2.7153484586059218,2.7153672588172797
0.03,0.07,0.2,0.5,put,120.0,0.9409408018896422,0.0,0.9409763068733673,0.9409763068733655,0.9409851647591628
0.03,0.07,0.2,1.0,call,80.0,0.779977460664042,0.0,0.7803678666948564,0.780026125810549,0.8150380928651145
0.03,0.07,0.2,1.0,call,90.0,2.6045443713030116,0.0,2.605016377263235,2.604386055378974,2.649213990090358
0.03,0.07,0.2,1.0,call,100.0,6.2947991231919005,0.0,6.2955269634869,6.294762487310514,6.312196306833658
0.03,0.07,0.2,1.0,call,110.0,12.183473452391466,0.0,12.183608755909393,12.18273661879177,12.13171702768447
0.03,0.07,0.2,1.0,call,120.0,20.231588525437022,0.0,20.231257816069935,20.228400800668528,20.161446363445286
0.03,0.07,0.2,1.0,put,80.0,23.199211062219767,0.0,23.199670765369017,23.19967066066513,23.204898734519844
0.03,0.07,0.2,1.0,put,90.0,15.5855265682539,0.0,15.585774454318809,15.585774439723654,15.588437776443692
0.03,0.07,0.2,1.0,put,100.0,9.631141678782834,0.0,9.631724407055977,9.631724405200973,9.633174661863952
0.03,0.07,0.2,1.0,put,110.0,5.491425841874962,0.0,5.4915499132772565,5.491549913049864,5.492386033245512
0.03,0.07,0.2,1.0,put,120.0,2.9111198075228018,0.0,2.911286640711878,2.9112866406841436,2.911792292582012
0.03,0.07,0.2,3.0,call,80.0,2.5803809145436194,0.0,2.581141683763741,2.5800936185200873,2.7108803716044587
0.03,0.07,0.2,3.0,call,90.0,5.167827891266667,0.0,5.168402246293872,5.167143540828915,5.300601936877018
0.03,0.07,0.2,3.0,call,100.0,9.067007740158825,0.0,9.06598676561965,9.066211757612123,9.15404957197282
0.03,0.07,0.2,3.0,call,110.0,14.445139789254489,0.0,14.429040735431697,14.443511305931887,14.444372725229886
0.03,0.07,0.2,3.0,call,120.0,21.41618328381895,0.0,21.326124975576107,21.413788517771646,21.335708115721424
0.03,0.07,0.2,3.0,put,80.0,28.809776749129284,0.0,28.810605185930033,28.810610620379908,28.962687595498785
0.03,0.07,0.2,3.0,put,90.0,22.803807243147894,0.0,22.804451306701,22.804455322911053,22.91936694657362
0.03,0.07,0.2,3.0,put,100.0,17.723141548647817,0.0,17.724375416769867,17.724377967571154,17.811767106264444
0.03,0.07,0.2,3.0,put,110.0,13.560837023749405,0.0,13.561427195494472,13.561428677102619,13.628776728772563
0.03,0.07,0.2,3.0,put,120.0,10.240471073145375,0.0,10.24089532792663,10.24089614429785,10.293613857362551
0.03,0.07,0.4,0.5,call,80.0,2.6890316403869683,0.0,2.6893254449196435,2.68878762229274,2.710793791884098
0.03,0.07,0.4,0.5,call,90.0,5.722581666034575,0.0,5.722847311341499,5.722078700024017,5.741585392949342
0.03,0.07,0.4,0.5,call,100.0,10.238864707845643,0.0,10.239583487899333,10.238680966362342,10.241723027090417
0.03,0.07,0.4,0.5,call,110.0,16.18165487030968,0.0,16.182068365572015,16.181159302594402,16.152008032638534
0.03,0.07,0.4,0.5,call,120.0,23.36051263053076,0.0,23.360535666214112,23.35971768946767,23.288329933642327
0.03,0.07,0.4,0.5,put,80.0,23.913607860758432,0.0,23.91391483716298,23.91391396199256,23.921378690330148
0.03,0.07,0.4,0.5,put,90.0,17.22882062324397,0.0,17.228969398867235,17.22896907511712,17.233632755045154
0.03,0.07,0.4,0.5,put,100.0,11.971093399330382,0.0,11.971756330061643,11.971756218757655,11.974761679507157
0.03,0.07,0.4,0.5,put,110.0,8.061754105703576,0.0,8.062199608114737,8.062199570937988,8.064203132049252
0.03,0.07,0.4,0.5,put,120.0,5.288551918456661,0.0,5.2887594697320885,5.288759457396851,5.290138441073015
0.03,0.07,0.4,1.0,call,80.0,5.313521414030925,0.0,5.314375067616082,5.313560877753815,5.37937358886784
0.03,0.07,0.4,1.0,call,90.0,9.002847262210873,0.0,9.003407490248893,9.002416985879318,9.065865064018663
0.03,0.07,0.4,1.0,call,100.0,13.789399933292707,0.0,13.79033433099371,13.789253119469347,13.833675435107855
0.03,0.07,0.4,1.0,call,110.0,19.603302328067848,0.0,19.603379094142905,19.602284651474125,19.61067201362806
0.03,0.07,0.4,1.0,call,120.0,26.33594720895864,0.0,26.33568423531826,26.334583990320937,26.294142101434026
0.03,0.07,0.4,1.0,put,80.0,27.62452480213426,0.0,27.625417784574424,27.62540577779574,27.670006152590496
0.03,0.07,0.4,1.0,put,90.0,21.834112113158604,0.0,21.83460204254774,21.834593682286275,21.869110888067073
0.03,0.07,0.4,1.0,put,100.0,17.059996548692606,0.0,17.0610522004329,17.06104673708856,17.087823803747384
0.03,0.07,0.4,1.0,put,110.0,13.211375724696396,0.0,13.211532078994042,13.211528648460622,13.232494451766149
0.03,0.07,0.4,1.0,put,120.0,10.160362543360776,0.0,10.160443274467097,10.160441170498537,10.177056896730832
0.03,0.07,0.4,3.0,call,80.0,11.327649132543893,0.0,11.328089530433928,11.325833253807124,11.625302506029051
0.03,0.07,0.4,3.0,call,90.0,15.724240840641857,0.0,15.724503457480154,15.722133595085305,16.02810591410698
0.03,0.07,0.4,3.0,call,100.0,20.795610879511464,0.0,20.79544493519306,20.793490176877718,21.08399988843752
0.03,0.07,0.4,3.0,call,110.0,26.497752047489747,0.0,26.494694216637257,26.494573272585885,26.749019682220545
0.03,0.07,0.4,3.0,call,120.0,32.78504890099083,0.0,32.77601065814461,32.781086081012276,32.98221471692288
0.03,0.07,0.4,3.0,put,80.0,37.15946690412416,0.0,37.16032078392965,37.16038490753175,37.5306854979612
0.03,0.07,0.4,3.0,put,90.0,32.81767913163803,0.0,32.81887992958702,32.818942877248894,33.16982321872011
0.03,0.07,0.4,3.0,put,100.0,29.022306872478335,0.0,29.02436549268472,29.024429158055913,29.353261645510134
0.03,0.07,0.4,3.0,put,110.0,25.706830020724652,0.0,25.708165300762555,25.708229207731186,26.014630808883563
0.03,0.07,0.4,3.0,put,120.0,22.807699563516728,0.0,22.808719225578532,22.80878212278466,23.09352061878444
0.03,0.07,0.6,0.5,call,80.0,6.518405734578195,0.0,6.518419186431829,6.517622007527673,6.5452278296718935
0.03,0.07,0.6,0.5,call,90.0,10.57643445400874,0.0,10.576858166159019,10.575877554643425,10.59917500423722
0.03,0.07,0.6,0.5,call,100.0,15.668390201923279,0.0,15.66903003252443,15.667928810131924,15.678759735763025
0.03,0.07,0.6,0.5,call,110.0,21.69367901019365,0.0,21.693989548410762,21.692835931423385,21.682673609581695
0.03,0.07,0.6,0.5,call,120.0,28.52853850699867,0.0,28.52819025679922,28.527045566109248,28.488408679698317
0.03,0.07,0.6,0.5,put,80.0,27.711953105493492,0.0,27.71223924603199,27.712277507186307,27.734503763423962
0.03,0.07,0.6,0.5,put,90.0,22.04416385735989,0.0,22.04488712314803,22.044912863159297,22.062494721269832
0.03,0.07,0.6,0.5,put,100.0,17.379394800682977,0.0,17.380453043570213,17.380469134606393,17.394368194249175
0.03,0.07,0.6,0.5,put,110.0,13.610004884302157,0.0,13.6108465258297,13.61085624142284,13.621915888055252
0.03,0.07,0.6,0.5,put,120.0,10.60643617814658,0.0,10.606717470516633,10.606723247466975,10.61560991381141
0.03,0.07,0.6,1.0,call,80.0,11.11915312956344,0.0,11.119166103083932,11.117726494751587,11.209200412595584
0.03,0.07,0.6,1.0,call,90.0,15.792613408680769,0.0,15.792883766296729,15.791239032863675,15.881281371702455
0.03,0.07,0.6,1.0,call,100.0,21.20241739546658,0.0,21.203027657346137,21.201241562504492,21.280120841396595
0.03,0.07,0.6,1.0,call,110.0,27.27046915413286,0.0,27.27037174844701,27.268505761053138,27.326622534256234
0.03,0.07,0.6,1.0,call,120.0,33.91860622167545,0.0,33.9175159107259,33.91562373941203,33.94437170199256
0.03,0.07,0.6,1.0,put,80.0,33.365157332888096,0.0,33.36574802337674,33.36579781421396,33.44930090135624
0.03,0.07,0.6,1.0,put,90.0,28.540295894021895,0.0,28.541323870903778,28.541373891600035,28.617265693898503
0.03,0.07,0.6,1.0,put,100.0,24.409972366023286,0.0,24.411638768809706,24.411686371095158,24.479944945058957
0.03,0.07,0.6,1.0,put,110.0,20.888789799905368,0.0,20.889916670123423,20.88995998264865,20.951095253515053
0.03,0.07,0.6,1.0,put,120.0,17.89310389563282,0.0,17.893331912248424,17.89337004097987,17.948086272110082
0.03,0.07,0.6,3.0,call,80.0,20.85258234963273,0.0,20.851356861766504,20.84844959567184,21.31602505906178
0.03,0.07,0.6,3.0,call,90.0,26.271360597482126,0.0,26.269352429039575,26.26633605714867,26.75650843078134
0.03,0.07,0.6,3.0,call,100.0,32.113802725509174,0.0,32.112061570909106,32.10920621227315,32.60790205879266
0.03,0.07,0.6,3.0,call,110.0,38.33961299378787,0.0,38.33585235799341,38.33364908878904,38.82771176625081
0.03,0.07,0.6,3.0,call,120.0,44.90978593485677,0.0,44.90344863064646,44.9027489689907,45.38024649334006
0.03,0.07,0.6,3.0,put,80.0,46.486669337594066,0.0,46.4880426852425,46.48726485215182,46.979317203365625
0.03,0.07,0.6,3.0,put,90.0,43.100095143907026,0.0,43.101369789818946,43.10046567873483,43.59468201170977
0.03,0.07,0.6,3.0,put,100.0,40.07106995868834,0.0,40.07418487886022,40.073196188759326,40.564513944483785
0.03,0.07,0.6,3.0,put,110.0,37.35238405665599,0.0,37.35483670296133,37.353798312950204,37.838958755703324
0.03,0.07,0.6,3.0,put,120.0,34.899090843037854,0.0,34.90123142536598,34.9001706594752,35.3771017866094
0.1,0.05,0.2,0.5,call,80.0,0.44487716426482726,0.0,0.44489228875438513,0.4448922887543642,0.44493335208267865
0.1,0.05,0.2,0.5,call,90.0,2.291442408828936,0.0,2.291420704192582,2.2914207041909482,2.2915449955304363
0.1,0.05,0.2,0.5,call,100.0,6.718405694686118,0.0,6.718645268916987,6.7186452688214295,6.7189799961679455
0.1,0.05,0.2,0.5,call,110.0,13.727764020229449,0.0,13.72786176093221,13.727861758462334,13.728681755212653
0.1,0.05,0.2,0.5,call,120.0,22.385716147733532,0.0,22.38575806341479,22.385758030540927,22.387613499206235
0.1,0.05,0.2,0.5,put,80.0,19.999899999979036,0.0,20.000083136565113,20.000206244541914,20.0
0.1,0.05,0.2,0.5,put,90.0,10.587822683409133,0.0,10.588005846413171,10.588008430518482,10.53678025776458
0.1,0.05,0.2,0.5,put,100.0,4.586849266438438,0.0,4.587513292111132,4.587215462653724,4.596025404059973
0.1,0.05,0.2,0.5,put,110.0,1.637076464846072,0.0,1.6375807462424814,1.6373588474915919,1.6676839926368294
0.1,0.05,0.2,0.5,put,120.0,0.48735719998901106,0.0,0.48759804431502146,0.4874688236778086,0.5106084279447599
0.1,0.05,0.2,1.0,call,80.0,1.7685632786517762,0.0,1.7687347202896397,1.768734720704676,1.7704425599839613
0.1,0.05,0.2,1.0,call,90.0,4.842997398604972,0.0,4.842922251570645,4.842922257905672,4.84660894054907
0.1,0.05,0.2,1.0,call,100.0,9.9405827156659,0.0,9.94092347162762,9.940923522733845,9.948247753863292
0.1,0.05,0.2,1.0,call,110.0,16.801682156312374,0.0,16.801663912165857,16.801664164066125,16.81521738701136
0.1,0.05,0.2,1.0,call,120.0,24.89342417224418,0.0,24.89346713718328,24.89346797086207,24.91695425698346
0.1,0.05,0.2,1.0,put,80.0,19.99979999991737,0.0,20.000255082607058,19.999316328348627,20.0
0.1,0.05,0.2,1.0,put,90.0,11.313121369585273,0.0,11.313414094170573,11.312885665834745,11.276025286385158
0.1,0.05,0.2,1.0,put,100.0,5.928409288912519,0.0,5.929306754121003,5.928635532034733,5.970604621509181
0.1,0.05,0.2,1.0,put,110.0,2.8877257516784827,0.0,2.888446395605972,2.8878275119994603,2.960968262412214
0.1,0.05,0.2,1.0,put,120.0,1.3162788993204093,0.0,1.3168652271209758,1.316415506130105,1.3834876357375352
0.1,0.05,0.2,3.0,call,80.0,7.434215266831892,0.0,7.4344008297564566,7.434395945973757,7.561770833811613
0.1,0.05,0.2,3.0,call,90.0,12.206422244324909,0.0,12.206325773112125,12.206315274257808,12.398143930834891
0.1,0.05,0.2,3.0,call,100.0,18.03615052716767,0.0,18.036576090734144,18.03655753466882,18.30852166763122
0.1,0.05,0.2,3.0,call,110.0,24.70967913013142,0.0,24.70950965026977,24.709481233597767,25.07500428469822
0.1,0.05,0.2,3.0,call,120.0,32.0231657808851,0.0,32.02284628542884,32.02280690383226,32.491069695975554
0.1,0.05,0.2,3.0,put,80.0,20.071422393049296,0.0,19.859873998162282,20.06926309522324,20.05489214061359
0.1,0.05,0.2,3.0,put,90.0,12.76776978969043,0.0,12.739670074303005,12.766702923360754,12.821450534603176
0.1,0.05,0.2,3.0,put,100.0,8.175539903835498,0.0,8.173460469611312,8.175194951360268,8.336359250154533
0.1,0.05,0.2,3.0,put,110.0,5.249602523557167,0.0,5.250336329495461,5.249312548986024,5.463496450476432
0.1,0.05,0.2,3.0,put,120.0,3.374962047102926,0.0,3.3759372979017144,3.37476205386882,3.5970967312948696
0.1,0.05,0.4,0.5,call,80.0,3.4589229065098293,0.0,3.4587773120755045,3.4587772132392423,3.462016470958292
0.1,0.05,0.4,0.5,call,90.0,7.022013226625983,0.0,7.021677104105697,7.021676709196213,7.027624808951447
0.1,0.05,0.4,0.5,call,100.0,12.079491471581283,0.0,12.079648304174226,12.07964715087603,12.08976268951952
0.1,0.05,0.4,0.5,call,110.0,18.46975746008866,0.0,18.46966521303306,18.469662584061993,18.48571802881605
0.1,0.05,0.4,0.5,call,120.0,25.92588206327754,0.0,25.925536366847908,25.92553146351349,25.949437779843777
0.1,0.05,0.4,0.5,put,80.0,21.588818126316525,0.0,21.589335289752356,21.588889067716334,21.51973754354677
0.1,0.05,0.4,0.5,put,90.0,14.927601960105019,0.0,14.928292690713715,14.927523148879821,14.90862320511969
0.1,0.05,0.4,0.5,put,100.0,9.9747771608201,0.0,9.97601853257773,9.975168076611649,9.995356562917165
0.1,0.05,0.4,0.5,put,110.0,6.471237429337299,0.0,6.472336620066137,6.471527568443208,6.510834082561662
0.1,0.05,0.4,0.5,put,120.0,4.096326967661979,0.0,4.097146717143256,4.0964440326455325,4.1409621337920886
0.1,0.05,0.4,1.0,call,80.0,7.210437604734331,0.0,7.210523250956237,7.210524394842488,7.242993911901224
0.1,0.05,0.4,1.0,call,90.0,11.657849413724229,0.0,11.65741123944439,11.65741403385408,11.706153591892349
0.1,0.05,0.4,1.0,call,100.0,17.155755652981274,0.0,17.155787399274786,17.155792560716634,17.224483285803988
0.1,0.05,0.4,1.0,call,110.0,23.559704249136594,0.0,23.55879365065784,23.558801212634915,23.650479752486607
0.1,0.05,0.4,1.0,call,120.0,30.708073842244467,0.0,30.707020949423473,30.707029792439446,30.823683912463597
0.1,0.05,0.4,1.0,put,80.0,23.441135863144915,0.0,23.44231151063726,23.441099382188234,23.422513125455655
0.1,0.05,0.4,1.0,put,90.0,17.694553155650695,0.0,17.695828479714624,17.694537997618543,17.744501617679706
0.1,0.05,0.4,1.0,put,100.0,13.254544850627326,0.0,13.256406758751043,13.254992028391502,13.353090429876136
0.1,0.05,0.4,1.0,put,110.0,9.87051182062569,0.0,9.871818468634537,9.870374581163668,9.994227294423883
0.1,0.05,0.4,1.0,put,120.0,7.3184356528178665,0.0,7.3196853290495945,7.318301362004395,7.451367133577355
0.1,0.05,0.4,3.0,call,80.0,17.029600769796332,0.0,17.028133207954372,17.028190002246184,17.50325280713439
0.1,0.05,0.4,3.0,call,90.0,22.542464307675694,0.0,22.541036511897452,22.541097981746493,23.120691542802263
0.1,0.05,0.4,3.0,call,100.0,28.59865016189754,0.0,28.59767885256323,28.59774758381544,29.28050986917304
0.1,0.05,0.4,3.0,call,110.0,35.121380270180424,0.0,35.11941606256955,35.11949756798275,35.90107325088098
0.1,0.05,0.4,3.0,call,120.0,42.04217836814122,0.0,42.03961084626271,42.03971388866064,42.913221258894296
0.1,0.05,0.4,3.0,put,80.0,27.426409743194917,0.0,27.40715814254548,27.4258652757318,27.747717011900214
0.1,0.05,0.4,3.0,put,90.0,22.914008242955692,0.0,22.91011502262608,22.91371789131413,23.34980311542985
0.1,0.05,0.4,3.0,put,100.0,19.286709572430276,0.0,19.28775882737352,19.28690357920511,19.801699721914748
0.1,0.05,0.4,3.0,put,110.0,16.337402373458936,0.0,16.339551646966704,16.337340740492294,16.90116928767787
0.1,0.05,0.4,3.0,put,120.0,13.91608438805033,0.0,13.918516427613376,13.91588606184537,14.506113552518597
0.1,0.05,0.6,0.5,call,80.0,7.525400180650626,0.0,7.524755396824387,7.524776796664249,7.540698438896263
0.1,0.05,0.6,0.5,call,90.0,11.964877425974954,0.0,11.964576945794633,11.96461920735215,11.988111380735853
0.1,0.05,0.6,0.5,call,100.0,17.421558165752877,0.0,17.421477757825024,17.421548352485612,17.454103729061273
0.1,0.05,0.6,0.5,call,110.0,23.76485297553728,0.0,23.76444413458249,23.76454695376709,23.80730358337354
0.1,0.05,0.6,0.5,call,120.0,30.850691602064195,0.0,30.84963770242407,30.84977086056465,30.903361624522585
0.1,0.05,0.6,0.5,put,80.0,25.394598779214036,0.0,25.39548008049324,25.394546915286462,25.36365532283611
0.1,0.05,0.6,0.5,put,90.0,19.816601895691484,0.0,19.81800562812172,19.816918127307293,19.8254518975778
0.1,0.05,0.6,0.5,put,100.0,15.347280387317307,0.0,15.349071659769686,15.347911983030054,15.383308407933443
0.1,0.05,0.6,0.5,put,110.0,11.819983912664611,0.0,11.821638894264614,11.820477949207994,11.871568401217468
0.1,0.05,0.6,0.5,put,120.0,9.068250874132488,0.0,9.06940991836311,9.06830035658017,9.126968042550287
0.1,0.05,0.6,1.0,call,80.0,13.2601908283055,0.0,13.258979103665046,13.258986006525909,13.34688623320091
0.1,0.05,0.6,1.0,call,90.0,18.45686028367509,0.0,18.455865269374534,18.455863151575652,18.568459846522032
0.1,0.05,0.6,1.0,call,100.0,24.350323550232677,0.0,24.349714475823177,24.349700105926782,24.487765121503486
0.1,0.05,0.6,1.0,call,110.0,30.844171108117113,0.0,30.842800781725206,30.84277424316642,31.006079946255547
0.1,0.05,0.6,1.0,call,120.0,37.84822878922104,0.0,37.8457877892135,37.84575301084187,38.03314677627339
0.1,0.05,0.6,1.0,put,80.0,29.212067985729583,0.0,29.213660050679238,29.21207415483028,29.285362682110062
0.1,0.05,0.6,1.0,put,90.0,24.464556311316315,0.0,24.466697538299176,24.46492282181987,24.588732759410878
0.1,0.05,0.6,1.0,put,100.0,20.526121419319125,0.0,20.528875153824632,20.52697638544304,20.685560683438194
0.1,0.05,0.6,1.0,put,110.0,17.258291342510432,0.0,17.26074441006857,17.258788450397677,17.43912217667456
0.1,0.05,0.6,1.0,put,120.0,14.544095486408505,0.0,14.545862576034333,14.543904911391053,14.736158559200469
0.1,0.05,0.6,3.0,call,80.0,26.38159128522848,0.0,26.377882312942628,26.37597524193559,27.122574364176803
0.1,0.05,0.6,3.0,call,90.0,32.57166497860849,0.0,32.56719940163055,32.56510489712796,33.41987825622914
0.1,0.05,0.6,3.0,call,100.0,39.113513377313794,0.0,39.110035036478166,39.107811608047,40.064572764132194
0.1,0.05,0.6,3.0,call,110.0,45.96309628418889,0.0,45.958302189489295,45.95600370095727,47.007648602266244
0.1,0.05,0.6,3.0,call,120.0,53.07857474982639,0.0,53.07277811936563,53.07045431177548,54.20925671629449
0.1,0.05,0.6,3.0,put,80.0,36.64786876614125,0.0,36.64298727956307,36.64788738604237,37.337458243930925
0.1,0.05,0.6,3.0,put,90.0,33.11980584562262,0.0,33.11968859667503,33.11981998729656,33.90481178730414
0.1,0.05,0.6,3.0,put,100.0,30.09973676154312,0.0,30.10272398327056,30.100835411396517,30.956399984508884
0.1,0.05,0.6,3.0,put,110.0,27.48799609383901,0.0,27.49160398315329,27.48879659676268,28.39541529477149
0.1,0.05,0.6,3.0,put,120.0,25.20762687376496,0.0,25.211485886692017,25.20822851249997,26.150725821368777
0.05,0.1,0.2,0.5,call,80.0,0.20020527648773684,0.0,0.20032399237899146,0.20025301386672079,0.21401624505771494
0.05,0.1,0.2,0.5,call,90.0,1.2989710601029412,0.0,1.2992957223423716,1.299109386350966,1.3250385286742292
0.05,0.1,0.2,0.5,call,100.0,4.5869620810782905,0.0,4.587513292111103,4.587224020845549,4.593275479462186
0.05,0.1,0.2,0.5,call,110.0,10.879450037478938,0.0,10.87954144738732,10.879470726836026,10.823051313453952
0.05,0.1,0.2,0.5,call,120.0,20.000150000031958,0.0,20.000168581602136,20.000269690635808,20.0
0.05,0.1,0.2,0.5,put,80.0,21.626838332107138,0.0,21.62707882641736,21.627078765056844,21.629178348403954
0.05,0.1,0.2,0.5,put,90.0,13.16504174229372,0.0,13.165238146291399,13.165238143866295,13.166016122372216
0.05,0.1,0.2,0.5,put,100.0,6.718268348739976,0.0,6.718645268917016,6.718645268840145,6.71896429289303
0.05,0.1,0.2,0.5,put,110.0,2.8345408167644717,0.0,2.834710289103616,2.834710289101396,2.8348526856880105
0.05,0.1,0.2,0.5,put,120.0,0.99731808627137,0.0,0.9973667627525672,0.9973667627525,0.9974349451908894
0.05,0.1,0.2,1.0,call,80.0,0.6955575307877738,0.0,0.6959502279887211,0.6956690607749416,0.7396889454513965
0.05,0.1,0.2,1.0,call,90.0,2.389261754724078,0.0,2.3897577840619593,2.389250284699671,2.4492586194495742
0.05,0.1,0.2,1.0,call,100.0,5.928626704670544,0.0,5.929306754120566,5.9286997045462195,5.960009515147485
0.05,0.1,0.2,1.0,call,110.0,11.771038501237989,0.0,11.771068184899796,11.76980074236615,11.724854365949312
0.05,0.1,0.2,1.0,call,120.0,20.05282025281815,0.0,20.052237841066535,20.044849718604404,20.018758995926326
0.05,0.1,0.2,1.0,put,80.0,23.390284533238514,0.0,23.390752492262624,23.390752389751576,23.413644278808626
0.05,0.1,0.2,1.0,put,90.0,15.88487189724882,0.0,15.88516217385919,15.885162126520678,15.897397055873185
0.05,0.1,0.2,1.0,put,100.0,9.940304678437165,0.0,9.94092347162766,9.940923458437252,9.947756028025355
0.05,0.1,0.2,1.0,put,110.0,5.745340777440552,0.0,5.745512339638694,5.74551233661145,5.7495206626624595
0.05,0.1,0.2,1.0,put,120.0,3.088890168335854,0.0,3.0890964477706686,3.0890964471430444,3.0915557456065073
0.05,0.1,0.2,3.0,call,80.0,2.165718268333535,0.0,2.1663614566885827,2.165461248093174,2.3049628655430077
0.05,0.1,0.2,3.0,call,90.0,4.498511353644697,0.0,4.49883839171407,4.497853614546649,4.64108484711027
0.05,0.1,0.2,3.0,call,100.0,8.17614569356401,0.0,8.173460469611452,8.175191724225783,8.266417409443239
0.05,0.1,0.2,3.0,call,110.0,13.48515282892529,0.0,13.458882057737767,13.483158540971942,13.478867696486132
0.05,0.1,0.2,3.0,call,120.0,20.692445524906738,0.0,20.557419322039983,20.689084521911077,20.621519638815247
0.05,0.1,0.2,3.0,put,80.0,28.692516483378128,0.0,28.693310004483436,28.693335254268803,29.063006093329417
0.05,0.1,0.2,3.0,put,90.0,22.94379211842948,0.0,22.944468028206437,22.944490494828123,23.243548969030016
0.05,0.1,0.2,3.0,put,100.0,18.035342633577486,0.0,18.036576090734094,18.036593660071752,18.274983756943325
0.05,0.1,0.2,3.0,put,110.0,13.964675264937316,0.0,13.965349465073782,13.965361848049332,14.155272828925117
0.05,0.1,0.2,3.0,put,120.0,10.673501052273195,0.0,10.674030418922971,10.67403854700617,10.826285822209261
0.05,0.1,0.4,0.5,call,80.0,2.5874054240755253,0.0,2.5877659099899333,2.587205277332965,2.6208777397307745
0.05,0.1,0.4,0.5,call,90.0,5.542426317628261,0.0,5.542780280144457,5.541986471717529,5.5758826802599595
0.05,0.1,0.4,0.5,call,100.0,9.975244726203329,0.0,9.976018532578685,9.975087349810094,9.99160128980573
0.05,0.1,0.4,0.5,call,110.0,15.851220571867824,0.0,15.851663818392034,15.85072727064651,15.82988442747918
0.05,0.1,0.4,0.5,call,120.0,23.001594945591364,0.0,23.0016070988666,23.00081074882227,22.930947826035638
0.05,0.1,0.4,0.5,put,80.0,23.971857689472024,0.0,23.97217130788631,23.972167678056813,23.99443009626335
0.05,0.1,0.4,0.5,put,90.0,17.32546500855829,0.0,17.325628946553543,17.325627043811277,17.340385772146558
0.05,0.1,0.4,0.5,put,100.0,12.078975525233703,0.0,12.079648304174196,12.079647432467443,12.08948040149368
0.05,0.1,0.4,0.5,put,110.0,8.1625872934109,0.0,8.163047287528409,8.163046917567858,8.16972619858526
0.05,0.1,0.4,0.5,put,120.0,5.373240320911886,0.0,5.373463338331183,5.373463187702653,5.378110961570635
0.05,0.1,0.4,1.0,call,80.0,5.035545701219684,0.0,5.03646506639393,5.035321862082419,5.133150868985099
0.05,0.1,0.4,1.0,call,90.0,8.595147629594218,0.0,8.595797995176895,8.5943968921388,8.694911610795566
0.05,0.1,0.4,1.0,call,100.0,13.255451884750125,0.0,13.256406758751162,13.254867550748534,13.336613094312911
0.05,0.1,0.4,1.0,call,110.0,18.966327372353405,0.0,18.96643684552938,18.96487706719107,19.00577110885074
0.05,0.1,0.4,1.0,call,120.0,25.638223034696153,0.0,25.63792508790656,25.63641078308709,25.620350638332102
0.05,0.1,0.4,1.0,put,80.0,27.609716168697506,0.0,27.610590482333468,27.610588941074308,27.709382678391
0.05,0.1,0.4,1.0,put,90.0,21.886703306972237,0.0,21.887201719148447,21.887201229665585,21.968195310810653
0.05,0.1,0.4,1.0,put,100.0,17.15473175998004,0.0,17.15578739927483,17.155787039921208,17.221204429493074
0.05,0.1,0.4,1.0,put,110.0,13.327189860246815,0.0,13.327373401348412,13.327372956469198,13.380083798751441
0.05,0.1,0.4,1.0,put,120.0,10.282076107724748,0.0,10.282185812217072,10.282185321407294,10.324830312885053
0.05,0.1,0.4,3.0,call,80.0,10.295864380821353,0.0,10.296240929378694,10.294108524701755,10.675203647080666
0.05,0.1,0.4,3.0,call,90.0,14.44222390696431,0.0,14.44211497082399,14.440090865522716,14.832558841235949
0.05,0.1,0.4,3.0,call,100.0,19.289243824366007,0.0,19.287758827373217,19.286924384365598,19.662466153602672
0.05,0.1,0.4,3.0,call,110.0,24.809578305923015,0.0,24.8029634323095,24.806189345678806,25.138312755327473
0.05,0.1,0.4,3.0,call,120.0,30.972901617485608,0.0,30.954874671597224,30.968639680730902,31.235589814467097
0.05,0.1,0.4,3.0,put,80.0,36.504258987434724,0.0,36.505077026124724,36.505220134215605,37.14352007012178
0.05,0.1,0.4,3.0,put,90.0,32.2816272710494,0.0,32.28278177093186,32.28290080278913,32.90640987487215
0.05,0.1,0.4,3.0,put,100.0,28.595727278443345,0.0,28.59767885256327,28.597786268900947,29.196341165620854
0.05,0.1,0.4,3.0,put,110.0,25.376179721364856,0.0,25.377485701631656,25.377587156794924,25.9463469988407
0.05,0.1,0.4,3.0,put,120.0,22.558970098157815,0.0,22.559994911903416,22.560093139977912,23.09732447881838
0.05,0.1,0.6,0.5,call,80.0,6.3484816489843094,0.0,6.348608514476906,6.3476873291395135,6.393412735495966
0.05,0.1,0.6,0.5,call,90.0,10.331911008046987,0.0,10.33244190985905,10.331313735955108,10.37487892488246
0.05,0.1,0.6,0.5,call,100.0,15.348346278942635,0.0,15.349071659768939,15.347811732847395,15.378636232805665
0.05,0.1,0.6,0.5,call,110.0,21.30482104043334,0.0,21.30520416928465,21.303893220337518,21.310839127199262
0.05,0.1,0.6,0.5,call,120.0,28.084375081232857,0.0,28.08409308700707,28.082802805342787,28.056232647498053
0.05,0.1,0.6,0.5,put,80.0,27.701387558217984,0.0,27.701674476306046,27.701772192687464,27.747811465762744
0.05,0.1,0.6,0.5,put,90.0,22.065165200789703,0.0,22.065886711376105,22.06597030889605,22.104517626743757
0.05,0.1,0.6,0.5,put,100.0,17.42042132491244,0.0,17.42147775782493,17.421540705546235,17.45326494449404
0.05,0.1,0.6,0.5,put,110.0,13.661587539953455,0.0,13.662433508053333,13.662477783134136,13.688464247178228
0.05,0.1,0.6,0.5,put,120.0,10.661705118631213,0.0,10.661997469103875,10.662027442265291,10.68335399279105
0.05,0.1,0.6,1.0,call,80.0,10.69179559286464,0.0,10.691972094766138,10.69036885928443,10.832686712275024
0.05,0.1,0.6,1.0,call,90.0,15.239926059931667,0.0,15.240328647580967,15.238505841930973,15.384624100030166
0.05,0.1,0.6,1.0,call,100.0,20.528195148317707,0.0,20.528875153824416,20.52690693618581,20.663873830258783
0.05,0.1,0.6,1.0,call,110.0,26.485339404822014,0.0,26.48530964866126,26.483265532707772,26.59821719892458
0.05,0.1,0.6,1.0,call,120.0,33.03912018818547,0.0,33.03811351460188,33.03605088780513,33.11749296615922
0.05,0.1,0.6,1.0,put,80.0,33.21023100186747,0.0,33.21081421564359,33.210814579197326,33.36110911164491
0.05,0.1,0.6,1.0,put,90.0,28.43652629906334,0.0,28.437537183058737,28.437532113832454,28.579151491356882
0.05,0.1,0.6,1.0,put,100.0,24.348077265962836,0.0,24.34971447582314,24.349713458523034,24.480718638036144
0.05,0.1,0.6,1.0,put,110.0,20.859698971773618,0.0,20.860817506437076,20.86082312978259,20.98081894045205
0.05,0.1,0.6,1.0,put,120.0,17.888886417708036,0.0,17.88913060065391,17.889142174284267,17.998514959155834
0.05,0.1,0.6,3.0,call,80.0,19.34297332768415,0.0,19.34173385443874,19.338961415389974,19.95383192527024
0.05,0.1,0.6,3.0,call,90.0,24.503059021823006,0.0,24.50077825745967,24.49812986181188,25.143746674106332
0.05,0.1,0.6,3.0,call,100.0,30.105550225322645,0.0,30.102723983270412,30.10077446630755,30.75819099643846
0.05,0.1,0.6,3.0,call,110.0,36.11479695914952,0.0,36.1088572083014,36.10866270718529,36.760168905774776
0.05,0.1,0.6,3.0,call,120.0,42.49624988021425,0.0,42.48563909712643,42.488990992509116,43.11858776439829
0.05,0.1,0.6,3.0,put,80.0,45.37431965913821,0.0,45.37562408020811,45.3745131667804,46.18103974464785
0.05,0.1,0.6,3.0,put,90.0,42.061408009169995,0.0,42.0626679060535,42.061349201938974,42.882940314506996
0.05,0.1,0.6,3.0,put,100.0,39.10710444945264,0.0,39.11003503647812,39.10855047161963,39.93470377665125
0.05,0.1,0.6,3.0,put,110.0,36.4606584415821,0.0,36.46300906582693,36.46139860274056,37.28499230475296
0.05,0.1,0.6,3.0,put,120.0,34.07588792415478,0.0,34.07796478790286,34.07626554804892,34.892465521653556
